label,original_names,tbl_species,mlst,mag,50S_L22_A103V,aac(3)-IId,aadE,acr3,arsC,arsD,arsP,arsR,blaEC-5,blaOXA,blaOXA-193,blaOXA-461,blaOXA-489,blaOXA-61,blaTEM-1,dfrA12,emrD,fieF,gyrA_P104S,gyrA_T86I,iroD,iroE,iss,iucA,iucB,iucC,iutA,merC,merP,merR,merT,satA,tet(O),tbl_mag,tbl_sample,Sample_ID,Genome_Source,Species,ST_from_bilal
EPA011CF1,PID-0444-20EPA011CF1__43891,s__Campylobacter_D jejuni,61,no,NO,NO,NO,NO,NO,NO,NO,NO,NO,NO,YES,NO,NO,NO,NO,NO,NO,NO,NO,NO,NO,NO,NO,NO,NO,NO,NO,NO,NO,NO,NO,NO,NO,no,11,EPA011CF1,Isolate,C. jejuni,NA
EPA011CF10,PID-0444-20EPA011CF10__43940,s__Campylobacter_D jejuni,61,no,NO,NO,NO,NO,NO,NO,NO,NO,NO,NO,YES,NO,NO,NO,NO,NO,NO,NO,NO,NO,NO,NO,NO,NO,NO,NO,NO,NO,NO,NO,NO,NO,NO,no,11,EPA011CF10,Isolate,C. jejuni,NA
EPA011CF11,PID-0444-20EPA011CF11__43912,s__Campylobacter_D jejuni,61,no,NO,NO,NO,NO,NO,NO,NO,NO,NO,NO,YES,NO,NO,NO,NO,NO,NO,NO,NO,NO,NO,NO,NO,NO,NO,NO,NO,NO,NO,NO,NO,NO,NO,no,11,EPA011CF11,Isolate,C. jejuni,NA
EPA011CF12,PID-0444-20EPA011CF12__43895,s__Campylobacter_D jejuni,61,no,NO,NO,NO,NO,NO,NO,NO,NO,NO,NO,YES,NO,NO,NO,NO,NO,NO,NO,NO,NO,NO,NO,NO,NO,NO,NO,NO,NO,NO,NO,NO,NO,NO,no,11,EPA011CF12,Isolate,C. jejuni,NA
EPA011CF13,PID-0444-20EPA011CF13__43922,s__Campylobacter_D jejuni,61,no,NO,NO,NO,NO,NO,NO,NO,NO,NO,NO,YES,NO,NO,NO,NO,NO,NO,NO,NO,NO,NO,NO,NO,NO,NO,NO,NO,NO,NO,NO,NO,NO,NO,no,11,EPA011CF13,Isolate,C. jejuni,NA
EPA011CF14,PID-0444-20EPA011CF14__43963,s__Campylobacter_D jejuni,61,no,NO,NO,NO,NO,NO,NO,NO,NO,NO,NO,YES,NO,NO,NO,NO,NO,NO,NO,NO,NO,NO,NO,NO,NO,NO,NO,NO,NO,NO,NO,NO,NO,NO,no,11,20EPA011CF14,Isolate,C. jejuni,61
EPA011CF15,PID-0444-20EPA011CF15__43967,s__Campylobacter_D jejuni,61,no,NO,NO,NO,NO,NO,NO,NO,NO,NO,NO,YES,NO,NO,NO,NO,NO,NO,NO,NO,NO,NO,NO,NO,NO,NO,NO,NO,NO,NO,NO,NO,NO,NO,no,11,20EPA011CF15,Isolate,C. jejuni,61
EPA011CF2,PID-0444-20EPA011CF2__43887,s__Campylobacter_D jejuni,61,no,NO,NO,NO,NO,NO,NO,NO,NO,NO,NO,YES,NO,NO,NO,NO,NO,NO,NO,NO,NO,NO,NO,NO,NO,NO,NO,NO,NO,NO,NO,NO,NO,NO,no,11,EPA011CF2,Isolate,C. jejuni,NA
EPA011CF3,PID-0444-20EPA011CF3__43872,s__Campylobacter_D jejuni,61,no,NO,NO,NO,NO,NO,NO,NO,NO,NO,NO,YES,NO,NO,NO,NO,NO,NO,NO,NO,NO,NO,NO,NO,NO,NO,NO,NO,NO,NO,NO,NO,NO,NO,no,11,20EPA011CF03,Isolate,C. jejuni,61
EPA011CF4,PID-0444-20EPA011CF4__43892,s__Campylobacter_D jejuni,61,no,NO,NO,NO,NO,NO,NO,NO,NO,NO,NO,YES,NO,NO,NO,NO,NO,NO,NO,NO,NO,NO,NO,NO,NO,NO,NO,NO,NO,NO,NO,NO,NO,NO,no,11,20EPA011CF04,Isolate,C. jejuni,61
EPA011CF5,PID-0444-20EPA011CF5__43910,s__Campylobacter_D jejuni,61,no,NO,NO,NO,NO,NO,NO,NO,NO,NO,NO,YES,NO,NO,NO,NO,NO,NO,NO,NO,NO,NO,NO,NO,NO,NO,NO,NO,NO,NO,NO,NO,NO,NO,no,11,EPA011CF5,Isolate,C. jejuni,NA
EPA011CF6,PID-0444-20EPA011CF6__43933,s__Campylobacter_D jejuni,61,no,NO,NO,NO,NO,NO,NO,NO,NO,NO,NO,YES,NO,NO,NO,NO,NO,NO,NO,NO,NO,NO,NO,NO,NO,NO,NO,NO,NO,NO,NO,NO,NO,NO,no,11,EPA011CF6,Isolate,C. jejuni,NA
EPA011CF7,PID-0444-20EPA011CF7__43928,s__Campylobacter_D jejuni,61,no,NO,NO,NO,NO,NO,NO,NO,NO,NO,NO,YES,NO,NO,NO,NO,NO,NO,NO,NO,NO,NO,NO,NO,NO,NO,NO,NO,NO,NO,NO,NO,NO,NO,no,11,20EPA011CF07,Isolate,C. jejuni,61
EPA011CF8,PID-0444-20EPA011CF8__43951,s__Campylobacter_D jejuni,61,no,NO,NO,NO,NO,NO,NO,NO,NO,NO,NO,YES,NO,NO,NO,NO,NO,NO,NO,NO,NO,NO,NO,NO,NO,NO,NO,NO,NO,NO,NO,NO,NO,NO,no,11,EPA011CF8,Isolate,C. jejuni,NA
EPA011CF9,PID-0444-20EPA011CF9__43927,s__Campylobacter_D jejuni,61,no,NO,NO,NO,NO,NO,NO,NO,NO,NO,NO,YES,NO,NO,NO,NO,NO,NO,NO,NO,NO,NO,NO,NO,NO,NO,NO,NO,NO,NO,NO,NO,NO,NO,no,11,EPA011CF9,Isolate,C. jejuni,NA
EPA011CP1,PID-0444-20EPA011CP1__43962,s__Campylobacter_D jejuni,61,no,NO,NO,NO,NO,NO,NO,NO,NO,NO,NO,YES,NO,NO,NO,NO,NO,NO,NO,NO,NO,NO,NO,NO,NO,NO,NO,NO,NO,NO,NO,NO,NO,NO,no,11,EPA011CP1,Isolate,C. jejuni,NA
EPA011CP10,PID-0444-20EPA011CP10__43946,s__Campylobacter_D jejuni,61,no,NO,NO,NO,NO,NO,NO,NO,NO,NO,NO,YES,NO,NO,NO,NO,NO,NO,NO,NO,NO,NO,NO,NO,NO,NO,NO,NO,NO,NO,NO,NO,NO,NO,no,11,EPA011CP10,Isolate,C. jejuni,NA
EPA011CP11,PID-0444-20EPA011CP11__43909,s__Campylobacter_D jejuni,61,no,NO,NO,NO,NO,NO,NO,NO,NO,NO,NO,YES,NO,NO,NO,NO,NO,NO,NO,NO,NO,NO,NO,NO,NO,NO,NO,NO,NO,NO,NO,NO,NO,NO,no,11,EPA011CP11,Isolate,C. jejuni,NA
EPA011CP12,PID-0444-20EPA011CP12__43952,s__Campylobacter_D jejuni,61,no,NO,NO,NO,NO,NO,NO,NO,NO,NO,NO,YES,NO,NO,NO,NO,NO,NO,NO,NO,NO,NO,NO,NO,NO,NO,NO,NO,NO,NO,NO,NO,NO,NO,no,11,EPA011CP12,Isolate,C. jejuni,NA
EPA011CP13,PID-0444-20EPA011CP13__43917,s__Campylobacter_D jejuni,61,no,NO,NO,NO,NO,NO,NO,NO,NO,NO,NO,YES,NO,NO,NO,NO,NO,NO,NO,NO,NO,NO,NO,NO,NO,NO,NO,NO,NO,NO,NO,NO,NO,NO,no,11,EPA011CP13,Isolate,C. jejuni,NA
EPA011CP14,PID-0444-20EPA011CP14__43943,s__Campylobacter_D jejuni,61,no,NO,NO,NO,NO,NO,NO,NO,NO,NO,NO,YES,NO,NO,NO,NO,NO,NO,NO,NO,NO,NO,NO,NO,NO,NO,NO,NO,NO,NO,NO,NO,NO,NO,no,11,EPA011CP14,Isolate,C. jejuni,NA
EPA011CP15,PID-0444-20EPA011CP15__43941,s__Campylobacter_D jejuni,61,no,NO,NO,NO,NO,NO,NO,NO,NO,NO,NO,YES,NO,NO,NO,NO,NO,NO,NO,NO,NO,NO,NO,NO,NO,NO,NO,NO,NO,NO,NO,NO,NO,NO,no,11,EPA011CP15,Isolate,C. jejuni,NA
EPA011CP2,PID-0444-20EPA011CP2__43915,s__Campylobacter_D jejuni,61,no,NO,NO,NO,NO,NO,NO,NO,NO,NO,NO,YES,NO,NO,NO,NO,NO,NO,NO,NO,NO,NO,NO,NO,NO,NO,NO,NO,NO,NO,NO,NO,NO,NO,no,11,EPA011CP2,Isolate,C. jejuni,NA
EPA011CP3,PID-0444-20EPA011CP3__43874,s__Campylobacter_D jejuni,61,no,NO,NO,NO,NO,NO,NO,NO,NO,NO,NO,YES,NO,NO,NO,NO,NO,NO,NO,NO,NO,NO,NO,NO,NO,NO,NO,NO,NO,NO,NO,NO,NO,NO,no,11,EPA011CP3,Isolate,C. jejuni,NA
EPA011CP4,PID-0444-20EPA011CP4__43924,s__Campylobacter_D jejuni,61,no,NO,NO,NO,NO,NO,NO,NO,NO,NO,NO,YES,NO,NO,NO,NO,NO,NO,NO,NO,NO,NO,NO,NO,NO,NO,NO,NO,NO,NO,NO,NO,NO,NO,no,11,EPA011CP4,Isolate,C. jejuni,NA
EPA011CP5,PID-0444-20EPA011CP5__43938,s__Campylobacter_D jejuni,61,no,NO,NO,NO,NO,NO,NO,NO,NO,NO,NO,YES,NO,NO,NO,NO,NO,NO,NO,NO,NO,NO,NO,NO,NO,NO,NO,NO,NO,NO,NO,NO,NO,NO,no,11,EPA011CP5,Isolate,C. jejuni,NA
EPA011CP6,PID-0444-20EPA011CP6__43905,s__Campylobacter_D jejuni,61,no,NO,NO,NO,NO,NO,NO,NO,NO,NO,NO,YES,NO,NO,NO,NO,NO,NO,NO,NO,NO,NO,NO,NO,NO,NO,NO,NO,NO,NO,NO,NO,NO,NO,no,11,EPA011CP6,Isolate,C. jejuni,NA
EPA011CP7,PID-0444-20EPA011CP7__43953,s__Campylobacter_D jejuni,61,no,NO,NO,NO,NO,NO,NO,NO,NO,NO,NO,YES,NO,NO,NO,NO,NO,NO,NO,NO,NO,NO,NO,NO,NO,NO,NO,NO,NO,NO,NO,NO,NO,NO,no,11,EPA011CP7,Isolate,C. jejuni,NA
EPA011CP8,PID-0444-20EPA011CP8__43907,s__Campylobacter_D jejuni,61,no,NO,NO,NO,NO,NO,NO,NO,NO,NO,NO,YES,NO,NO,NO,NO,NO,NO,NO,NO,NO,NO,NO,NO,NO,NO,NO,NO,NO,NO,NO,NO,NO,NO,no,11,EPA011CP8,Isolate,C. jejuni,NA
EPA011CP9,PID-0444-20EPA011CP9__43885,s__Campylobacter_D jejuni,61,no,NO,NO,NO,NO,NO,NO,NO,NO,NO,NO,YES,NO,NO,NO,NO,NO,NO,NO,NO,NO,NO,NO,NO,NO,NO,NO,NO,NO,NO,NO,NO,NO,NO,no,11,EPA011CP9,Isolate,C. jejuni,NA
EPA015CF10,PID-0444-20EPA015CF10__43930,s__Campylobacter_D jejuni,21,no,NO,NO,NO,NO,NO,NO,NO,NO,NO,NO,YES,NO,NO,NO,NO,NO,NO,NO,NO,YES,NO,NO,NO,NO,NO,NO,NO,NO,NO,NO,NO,NO,NO,no,15,EPA015CF10,Isolate,C. jejuni,NA
EPA015CF11,PID-0444-20EPA015CF11__43932,s__Campylobacter_D jejuni,21,no,NO,NO,NO,NO,NO,NO,NO,NO,NO,NO,YES,NO,NO,NO,NO,NO,NO,NO,NO,YES,NO,NO,NO,NO,NO,NO,NO,NO,NO,NO,NO,NO,NO,no,15,EPA015CF11,Isolate,C. jejuni,NA
EPA015CF12,PID-0444-20EPA015CF12__43908,s__Campylobacter_D jejuni,21,no,NO,NO,NO,NO,NO,NO,NO,NO,NO,YES,NO,NO,NO,NO,NO,NO,NO,NO,NO,YES,NO,NO,NO,NO,NO,NO,NO,NO,NO,NO,NO,NO,NO,no,15,EPA015CF12,Isolate,C. jejuni,NA
EPA015CF13,PID-0444-20EPA015CF13__43950,s__Campylobacter_D jejuni,21,no,NO,NO,NO,NO,NO,NO,NO,NO,NO,NO,YES,NO,NO,NO,NO,NO,NO,NO,NO,YES,NO,NO,NO,NO,NO,NO,NO,NO,NO,NO,NO,NO,NO,no,15,EPA015CF13,Isolate,C. jejuni,NA
EPA015CF14,PID-0444-20EPA015CF14__43923,s__Campylobacter_D jejuni,21,no,NO,NO,NO,NO,NO,NO,NO,NO,NO,NO,YES,NO,NO,NO,NO,NO,NO,NO,NO,YES,NO,NO,NO,NO,NO,NO,NO,NO,NO,NO,NO,NO,NO,no,15,EPA015CF14,Isolate,C. jejuni,NA
EPA015CF2,PID-0444-20EPA015CF2__43960,s__Campylobacter_D jejuni,21,no,NO,NO,NO,NO,NO,NO,NO,NO,NO,NO,YES,NO,NO,NO,NO,NO,NO,NO,NO,YES,NO,NO,NO,NO,NO,NO,NO,NO,NO,NO,NO,NO,NO,no,15,EPA015CF2,Isolate,C. jejuni,NA
EPA015CF3,PID-0444-20EPA015CF3__43897,s__Campylobacter_D jejuni,21,no,NO,NO,NO,NO,NO,NO,NO,NO,NO,NO,YES,NO,NO,NO,NO,NO,NO,NO,NO,YES,NO,NO,NO,NO,NO,NO,NO,NO,NO,NO,NO,NO,NO,no,15,EPA015CF3,Isolate,C. jejuni,NA
EPA015CF4,PID-0444-20EPA015CF4__43886,s__Campylobacter_D jejuni,21,no,NO,NO,NO,NO,NO,NO,NO,NO,NO,NO,YES,NO,NO,NO,NO,NO,NO,NO,NO,YES,NO,NO,NO,NO,NO,NO,NO,NO,NO,NO,NO,NO,NO,no,15,EPA015CF4,Isolate,C. jejuni,NA
EPA015CF5,PID-0444-20EPA015CF5__43937,s__Campylobacter_D jejuni,21,no,NO,NO,NO,NO,NO,NO,NO,NO,NO,NO,YES,NO,NO,NO,NO,NO,NO,NO,NO,YES,NO,NO,NO,NO,NO,NO,NO,NO,NO,NO,NO,NO,NO,no,15,EPA015CF5,Isolate,C. jejuni,NA
EPA015CF6,PID-0444-20EPA015CF6__43876,s__Campylobacter_D jejuni,21,no,NO,NO,NO,NO,NO,NO,NO,NO,NO,NO,YES,NO,NO,NO,NO,NO,NO,NO,NO,YES,NO,NO,NO,NO,NO,NO,NO,NO,NO,NO,NO,NO,NO,no,15,EPA015CF6,Isolate,C. jejuni,NA
EPA015CF7,PID-0444-20EPA015CF7__43898,s__Campylobacter_D jejuni,21,no,NO,NO,NO,NO,NO,NO,NO,NO,NO,NO,YES,NO,NO,NO,NO,NO,NO,NO,NO,YES,NO,NO,NO,NO,NO,NO,NO,NO,NO,NO,NO,NO,NO,no,15,EPA015CF7,Isolate,C. jejuni,NA
EPA015CF8,PID-0444-20EPA015CF8__43883,s__Campylobacter_D jejuni,21,no,NO,NO,NO,NO,NO,NO,NO,NO,NO,NO,YES,NO,NO,NO,NO,NO,NO,NO,NO,YES,NO,NO,NO,NO,NO,NO,NO,NO,NO,NO,NO,NO,NO,no,15,EPA015CF8,Isolate,C. jejuni,NA
EPA015CF9,PID-0444-20EPA015CF9__43888,s__Campylobacter_D jejuni,21,no,NO,NO,NO,NO,NO,NO,NO,NO,NO,NO,YES,NO,NO,NO,NO,NO,NO,NO,NO,YES,NO,NO,NO,NO,NO,NO,NO,NO,NO,NO,NO,NO,NO,no,15,EPA015CF9,Isolate,C. jejuni,NA
EPA015CP1,PID-0444-20EPA015CP1__43881,s__Campylobacter_D jejuni,21,no,NO,NO,NO,NO,NO,NO,NO,NO,NO,NO,YES,NO,NO,NO,NO,NO,NO,NO,NO,YES,NO,NO,NO,NO,NO,NO,NO,NO,NO,NO,NO,NO,NO,no,15,EPA015CP1,Isolate,C. jejuni,NA
EPA015CP10,PID-0444-20EPA015CP10__43906,s__Campylobacter_D jejuni,21,no,NO,NO,NO,NO,NO,NO,NO,NO,NO,YES,NO,NO,NO,NO,NO,NO,NO,NO,NO,YES,NO,NO,NO,NO,NO,NO,NO,NO,NO,NO,NO,NO,NO,no,15,EPA015CP10,Isolate,C. jejuni,NA
EPA015CP11,PID-0444-20EPA015CP11__43914,s__Campylobacter_D jejuni,21,no,NO,NO,NO,NO,NO,NO,NO,NO,NO,NO,YES,NO,NO,NO,NO,NO,NO,NO,NO,YES,NO,NO,NO,NO,NO,NO,NO,NO,NO,NO,NO,NO,NO,no,15,EPA015CP11,Isolate,C. jejuni,NA
EPA015CP12,PID-0444-20EPA015CP12__43882,s__Campylobacter_D jejuni,21,no,NO,NO,NO,NO,NO,NO,NO,NO,NO,NO,YES,NO,NO,NO,NO,NO,NO,NO,NO,YES,NO,NO,NO,NO,NO,NO,NO,NO,NO,NO,NO,NO,NO,no,15,EPA015CP12,Isolate,C. jejuni,NA
EPA015CP13,PID-0444-20EPA015CP13__43880,s__Campylobacter_D jejuni,21,no,NO,NO,NO,NO,NO,NO,NO,NO,NO,NO,YES,NO,NO,NO,NO,NO,NO,NO,NO,YES,NO,NO,NO,NO,NO,NO,NO,NO,NO,NO,NO,NO,NO,no,15,EPA015CP13,Isolate,C. jejuni,NA
EPA015CP14,PID-0444-20EPA015CP14__43889,s__Campylobacter_D jejuni,21,no,NO,NO,NO,NO,NO,NO,NO,NO,NO,NO,YES,NO,NO,NO,NO,NO,NO,NO,NO,YES,NO,NO,NO,NO,NO,NO,NO,NO,NO,NO,NO,NO,NO,no,15,EPA015CP14,Isolate,C. jejuni,NA
EPA015CP15,PID-0444-20EPA015CP15__43934,s__Campylobacter_D jejuni,21,no,NO,NO,NO,NO,NO,NO,NO,NO,NO,NO,YES,NO,NO,NO,NO,NO,NO,NO,NO,YES,NO,NO,NO,NO,NO,NO,NO,NO,NO,NO,NO,NO,NO,no,15,EPA015CP15,Isolate,C. jejuni,NA
EPA015CP2,PID-0444-20EPA015CP2__43918,s__Campylobacter_D jejuni,21,no,NO,NO,NO,NO,NO,NO,NO,NO,NO,NO,YES,NO,NO,NO,NO,NO,NO,NO,NO,YES,NO,NO,NO,NO,NO,NO,NO,NO,NO,NO,NO,NO,NO,no,15,EPA015CP2,Isolate,C. jejuni,NA
EPA015CP4,PID-0444-20EPA015CP4__43899,s__Campylobacter_D jejuni,21,no,NO,NO,NO,NO,NO,NO,NO,NO,NO,NO,YES,NO,NO,NO,NO,NO,NO,NO,NO,YES,NO,NO,NO,NO,NO,NO,NO,NO,NO,NO,NO,NO,NO,no,15,EPA015CP4,Isolate,C. jejuni,NA
EPA015CP5,PID-0444-20EPA015CP5__43929,s__Campylobacter_D jejuni,21,no,NO,NO,NO,NO,NO,NO,NO,NO,NO,NO,YES,NO,NO,NO,NO,NO,NO,NO,NO,YES,NO,NO,NO,NO,NO,NO,NO,NO,NO,NO,NO,NO,NO,no,15,EPA015CP5,Isolate,C. jejuni,NA
EPA015CP6,PID-0444-20EPA015CP6__43936,s__Campylobacter_D jejuni,21,no,NO,NO,NO,NO,NO,NO,NO,NO,NO,NO,YES,NO,NO,NO,NO,NO,NO,NO,NO,YES,NO,NO,NO,NO,NO,NO,NO,NO,NO,NO,NO,NO,NO,no,15,EPA015CP6,Isolate,C. jejuni,NA
EPA015CP7,PID-0444-20EPA015CP7__43957,s__Campylobacter_D jejuni,21,no,NO,NO,NO,NO,NO,NO,NO,NO,NO,NO,YES,NO,NO,NO,NO,NO,NO,NO,NO,YES,NO,NO,NO,NO,NO,NO,NO,NO,NO,NO,NO,NO,NO,no,15,EPA015CP7,Isolate,C. jejuni,NA
EPA015CP9,PID-0444-20EPA015CP9__43873,s__Campylobacter_D jejuni,21,no,NO,NO,NO,NO,NO,NO,NO,NO,NO,NO,YES,NO,NO,NO,NO,NO,NO,NO,NO,YES,NO,NO,NO,NO,NO,NO,NO,NO,NO,NO,NO,NO,NO,no,15,EPA015CP9,Isolate,C. jejuni,NA
EPA017CF1,PID-0477-20EPA017CF1__45378,s__Campylobacter_D jejuni,5136,no,YES,NO,NO,YES,NO,NO,NO,NO,NO,NO,YES,NO,NO,NO,NO,NO,NO,NO,NO,YES,NO,NO,NO,NO,NO,NO,NO,NO,NO,NO,NO,NO,YES,no,17,20EPA017CF01,Isolate,C. jejuni,5136
EPA017CF10,PID-0477-20EPA017CF10__45303,s__Campylobacter_D jejuni,5136,no,YES,NO,NO,YES,NO,NO,NO,NO,NO,NO,YES,NO,NO,NO,NO,NO,NO,NO,NO,YES,NO,NO,NO,NO,NO,NO,NO,NO,NO,NO,NO,NO,YES,no,17,20EPA017CF10,Isolate,C. jejuni,5136
EPA017CF11,PID-0477-20EPA017CF11__45274,s__Campylobacter_D jejuni,5136,no,YES,NO,NO,YES,NO,NO,NO,NO,NO,NO,YES,NO,NO,NO,NO,NO,NO,NO,NO,YES,NO,NO,NO,NO,NO,NO,NO,NO,NO,NO,NO,NO,YES,no,17,20EPA017CF11,Isolate,C. jejuni,5136
EPA017CF12,PID-0477-20EPA017CF12__45294,s__Campylobacter_D jejuni,5136,no,YES,NO,NO,YES,NO,NO,NO,NO,NO,NO,YES,NO,NO,NO,NO,NO,NO,NO,NO,YES,NO,NO,NO,NO,NO,NO,NO,NO,NO,NO,NO,NO,YES,no,17,EPA017CF12,Isolate,C. jejuni,NA
EPA017CF13,PID-0477-20EPA017CF13__45360,s__Campylobacter_D jejuni,5136,no,YES,NO,NO,YES,NO,NO,NO,NO,NO,NO,YES,NO,NO,NO,NO,NO,NO,NO,NO,YES,NO,NO,NO,NO,NO,NO,NO,NO,NO,NO,NO,NO,YES,no,17,EPA017CF13,Isolate,C. jejuni,NA
EPA017CF14,PID-0477-20EPA017CF14__45316,s__Campylobacter_D jejuni,5136,no,YES,NO,NO,YES,NO,NO,NO,NO,NO,NO,YES,NO,NO,NO,NO,NO,NO,NO,NO,YES,NO,NO,NO,NO,NO,NO,NO,NO,NO,NO,NO,NO,YES,no,17,20EPA017CF14,Isolate,C. jejuni,5136
EPA017CF15,PID-0477-20EPA017CF15__45354,s__Campylobacter_D jejuni,5136,no,YES,NO,NO,YES,NO,NO,NO,NO,NO,NO,YES,NO,NO,NO,NO,NO,NO,NO,NO,YES,NO,NO,NO,NO,NO,NO,NO,NO,NO,NO,NO,NO,YES,no,17,EPA017CF15,Isolate,C. jejuni,NA
EPA017CF2,PID-0477-20EPA017CF2__45340,s__Campylobacter_D jejuni,5136,no,YES,NO,NO,YES,NO,NO,NO,NO,NO,NO,YES,NO,NO,NO,NO,NO,NO,NO,NO,YES,NO,NO,NO,NO,NO,NO,NO,NO,NO,NO,NO,NO,YES,no,17,20EPA017CF02,Isolate,C. jejuni,5136
EPA017CF3,PID-0906-20EPA017CF3__59934,s__Campylobacter_D jejuni,5136,no,YES,NO,NO,YES,NO,NO,NO,NO,NO,NO,YES,NO,NO,NO,NO,NO,NO,NO,NO,YES,NO,NO,NO,NO,NO,NO,NO,NO,NO,NO,NO,NO,YES,no,17,20EPA017CF03,Isolate,C. jejuni,5136
EPA017CF4,PID-0906-20EPA017CF4__59963,s__Campylobacter_D jejuni,5136,no,YES,NO,NO,YES,NO,NO,NO,NO,NO,NO,YES,NO,NO,NO,NO,NO,NO,NO,NO,YES,NO,NO,NO,NO,NO,NO,NO,NO,NO,NO,NO,NO,YES,no,17,20EPA017CF04,Isolate,C. jejuni,5136
EPA017CF6,PID-0477-20EPA017CF6__45324,s__Campylobacter_D jejuni,5136,no,YES,NO,NO,YES,NO,NO,NO,NO,NO,NO,YES,NO,NO,NO,NO,NO,NO,NO,NO,YES,NO,NO,NO,NO,NO,NO,NO,NO,NO,NO,NO,NO,YES,no,17,20EPA017CF06,Isolate,C. jejuni,5136
EPA017CF7,PID-0477-20EPA017CF7__45389,s__Campylobacter_D jejuni,5136,no,YES,NO,NO,YES,NO,NO,NO,NO,NO,NO,YES,NO,NO,NO,NO,NO,NO,NO,NO,YES,NO,NO,NO,NO,NO,NO,NO,NO,NO,NO,NO,NO,YES,no,17,20EPA017CF07,Isolate,C. jejuni,5136
EPA017CF8,PID-0477-20EPA017CF8__45323,s__Campylobacter_D jejuni,5136,no,YES,NO,NO,YES,NO,NO,NO,NO,NO,NO,YES,NO,NO,NO,NO,NO,NO,NO,NO,YES,NO,NO,NO,NO,NO,NO,NO,NO,NO,NO,NO,NO,YES,no,17,20EPA017CF08,Isolate,C. jejuni,5136
EPA017CF9,PID-0477-20EPA017CF9__45296,s__Campylobacter_D jejuni,5136,no,YES,NO,NO,YES,NO,NO,NO,NO,NO,NO,YES,NO,NO,NO,NO,NO,NO,NO,NO,YES,NO,NO,NO,NO,NO,NO,NO,NO,NO,NO,NO,NO,YES,no,17,20EPA017CF09,Isolate,C. jejuni,5136
EPA017CP1,PID-0477-20EPA017CP1__45363,s__Campylobacter_D jejuni,5136,no,YES,NO,NO,YES,NO,NO,NO,NO,NO,NO,YES,NO,NO,NO,NO,NO,NO,NO,NO,YES,NO,NO,NO,NO,NO,NO,NO,NO,NO,NO,NO,NO,YES,no,17,20EPA017CP1,Isolate,C. jejuni,5136
EPA017CP10,PID-0477-20EPA017CP10__45330,s__Campylobacter_D jejuni,5136,no,YES,NO,NO,YES,NO,NO,NO,NO,NO,NO,YES,NO,NO,NO,NO,NO,NO,NO,NO,YES,NO,NO,NO,NO,NO,NO,NO,NO,NO,NO,NO,NO,YES,no,17,20EPA017CP10,Isolate,C. jejuni,5136
EPA017CP11,PID-0477-20EPA017CP11__45379,s__Campylobacter_D jejuni,5136,no,YES,NO,NO,YES,NO,NO,NO,NO,NO,NO,YES,NO,NO,NO,NO,NO,NO,NO,NO,YES,NO,NO,NO,NO,NO,NO,NO,NO,NO,NO,NO,NO,YES,no,17,20EPA017CP11,Isolate,C. jejuni,5136
EPA017CP12,PID-0477-20EPA017CP12__45325,s__Campylobacter_D jejuni,5136,no,YES,NO,NO,YES,NO,NO,NO,NO,NO,NO,YES,NO,NO,NO,NO,NO,NO,NO,NO,YES,NO,NO,NO,NO,NO,NO,NO,NO,NO,NO,NO,NO,YES,no,17,20EPA017CP12,Isolate,C. jejuni,5136
EPA017CP14,PID-0477-20EPA017CP14__45268,s__Campylobacter_D jejuni,5136,no,YES,NO,NO,YES,NO,NO,NO,NO,NO,NO,YES,NO,NO,NO,NO,NO,NO,NO,NO,YES,NO,NO,NO,NO,NO,NO,NO,NO,NO,NO,NO,NO,YES,no,17,20EPA017CP14,Isolate,C. jejuni,5136
EPA017CP15,PID-0477-20EPA017CP15__45288,s__Campylobacter_D jejuni,5136,no,YES,NO,NO,YES,NO,NO,NO,NO,NO,NO,YES,NO,NO,NO,NO,NO,NO,NO,NO,YES,NO,NO,NO,NO,NO,NO,NO,NO,NO,NO,NO,NO,YES,no,17,EPA017CP15,Isolate,C. jejuni,NA
EPA017CP2,PID-0477-20EPA017CP2__45345,s__Campylobacter_D jejuni,5136,no,YES,NO,NO,YES,NO,NO,NO,NO,NO,NO,YES,NO,NO,NO,NO,NO,NO,NO,NO,YES,NO,NO,NO,NO,NO,NO,NO,NO,NO,NO,NO,NO,YES,no,17,EPA017CP2,Isolate,C. jejuni,NA
EPA017CP3,PID-0906-20EPA017CP3__59990,s__Campylobacter_D jejuni,48,no,NO,NO,NO,YES,NO,NO,NO,NO,NO,NO,NO,NO,NO,YES,NO,NO,NO,NO,NO,NO,NO,NO,NO,NO,NO,NO,NO,NO,NO,NO,NO,NO,NO,no,17,20EPA017CP03,Isolate,C. jejuni,5136
EPA017CP4,PID-0477-20EPA017CP4__45271,s__Campylobacter_D jejuni,5136,no,YES,NO,NO,YES,NO,NO,NO,NO,NO,NO,YES,NO,NO,NO,NO,NO,NO,NO,NO,YES,NO,NO,NO,NO,NO,NO,NO,NO,NO,NO,NO,NO,YES,no,17,EPA017CP4,Isolate,C. jejuni,NA
EPA017CP6,PID-0906-20EPA017CP6__60024,s__Campylobacter_D jejuni,5136,no,YES,NO,NO,YES,NO,NO,NO,NO,NO,NO,YES,NO,NO,NO,NO,NO,NO,NO,NO,YES,NO,NO,NO,NO,NO,NO,NO,NO,NO,NO,NO,NO,YES,no,17,20EPA017CP06,Isolate,C. jejuni,5136
EPA017CP7,PID-0477-20EPA017CP7__45295,s__Campylobacter_D jejuni,5136,no,YES,NO,NO,YES,NO,NO,NO,NO,NO,NO,YES,NO,NO,NO,NO,NO,NO,NO,NO,YES,NO,NO,NO,NO,NO,NO,NO,NO,NO,NO,NO,NO,YES,no,17,20EPA017CP07,Isolate,C. jejuni,5136
EPA017CP9,PID-0477-20EPA017CP9__45375,s__Campylobacter_D jejuni,5136,no,YES,NO,NO,YES,NO,NO,NO,NO,NO,NO,YES,NO,NO,NO,NO,NO,NO,NO,NO,YES,NO,NO,NO,NO,NO,NO,NO,NO,NO,NO,NO,NO,YES,no,17,20EPA017CP09,Isolate,C. jejuni,5136
EPA027CF1,PID-0657-20EPA027CF1__51317,s__Campylobacter_D coli,827,no,YES,NO,NO,YES,NO,NO,NO,NO,NO,NO,NO,NO,YES,NO,NO,NO,NO,NO,NO,NO,NO,NO,NO,NO,NO,NO,NO,NO,NO,NO,NO,NO,NO,no,27,EPA027CF1,Isolate,C. coli,NA
EPA027CF10,PID-0657-20EPA027CF10__51312,s__Campylobacter_D coli,827,no,YES,NO,NO,YES,NO,NO,NO,NO,NO,NO,NO,NO,YES,NO,NO,NO,NO,NO,NO,NO,NO,NO,NO,NO,NO,NO,NO,NO,NO,NO,NO,NO,NO,no,27,EPA027CF10,Isolate,C. coli,NA
EPA027CF11,PID-0657-20EPA027CF11__51301,s__Campylobacter_D coli,827,no,YES,NO,NO,YES,NO,NO,NO,NO,NO,NO,NO,NO,YES,NO,NO,NO,NO,NO,NO,NO,NO,NO,NO,NO,NO,NO,NO,NO,NO,NO,NO,NO,NO,no,27,EPA027CF11,Isolate,C. coli,NA
EPA027CF12,PID-0657-20EPA027CF12__51335,s__Campylobacter_D coli,827,no,YES,NO,NO,YES,NO,NO,NO,NO,NO,NO,NO,NO,YES,NO,NO,NO,NO,NO,NO,NO,NO,NO,NO,NO,NO,NO,NO,NO,NO,NO,NO,NO,NO,no,27,EPA027CF12,Isolate,C. coli,NA
EPA027CF13,PID-0657-20EPA027CF13__51331,s__Campylobacter_D coli,827,no,YES,NO,NO,YES,NO,NO,NO,NO,NO,NO,NO,NO,YES,NO,NO,NO,NO,NO,NO,NO,NO,NO,NO,NO,NO,NO,NO,NO,NO,NO,NO,NO,NO,no,27,EPA027CF13,Isolate,C. coli,NA
EPA027CF14,PID-0657-20EPA027CF14__51318,s__Campylobacter_D coli,827,no,YES,NO,NO,YES,NO,NO,NO,NO,NO,NO,NO,NO,YES,NO,NO,NO,NO,NO,NO,NO,NO,NO,NO,NO,NO,NO,NO,NO,NO,NO,NO,NO,NO,no,27,EPA027CF14,Isolate,C. coli,NA
EPA027CF2,PID-0657-20EPA027CF2__51333,s__Campylobacter_D coli,827,no,YES,NO,NO,YES,NO,NO,NO,NO,NO,NO,NO,NO,YES,NO,NO,NO,NO,NO,NO,NO,NO,NO,NO,NO,NO,NO,NO,NO,NO,NO,NO,NO,NO,no,27,EPA027CF2,Isolate,C. coli,NA
EPA027CF3,PID-0657-20EPA027CF3__51314,s__Campylobacter_D coli,827,no,YES,NO,NO,YES,NO,NO,NO,NO,NO,NO,NO,NO,YES,NO,NO,NO,NO,NO,NO,NO,NO,NO,NO,NO,NO,NO,NO,NO,NO,NO,NO,NO,NO,no,27,20EPA027CF03,Isolate,C. coli,827
EPA027CF4,PID-0657-20EPA027CF4__51349,s__Campylobacter_D coli,827,no,YES,NO,NO,YES,NO,NO,NO,NO,NO,NO,NO,NO,YES,NO,NO,NO,NO,NO,NO,NO,NO,NO,NO,NO,NO,NO,NO,NO,NO,NO,NO,NO,NO,no,27,EPA027CF4,Isolate,C. coli,NA
EPA027CF5,PID-0657-20EPA027CF5__51329,s__Campylobacter_D coli,827,no,YES,NO,NO,YES,NO,NO,NO,NO,NO,NO,NO,NO,YES,NO,NO,NO,NO,NO,NO,NO,NO,NO,NO,NO,NO,NO,NO,NO,NO,NO,NO,NO,NO,no,27,EPA027CF5,Isolate,C. coli,NA
EPA027CF6,PID-0657-20EPA027CF6__51336,s__Campylobacter_D coli,827,no,YES,NO,NO,YES,NO,NO,NO,NO,NO,NO,NO,NO,YES,NO,NO,NO,NO,NO,NO,NO,NO,NO,NO,NO,NO,NO,NO,NO,NO,NO,NO,NO,NO,no,27,EPA027CF6,Isolate,C. coli,NA
EPA027CF7,PID-0657-20EPA027CF7__51346,s__Campylobacter_D coli,827,no,YES,NO,NO,YES,NO,NO,NO,NO,NO,NO,NO,NO,YES,NO,NO,NO,NO,NO,NO,NO,NO,NO,NO,NO,NO,NO,NO,NO,NO,NO,NO,NO,NO,no,27,EPA027CF7,Isolate,C. coli,NA
EPA027CF8,PID-0657-20EPA027CF8__51332,s__Campylobacter_D coli,827,no,YES,NO,NO,YES,NO,NO,NO,NO,NO,NO,NO,NO,YES,NO,NO,NO,NO,NO,NO,NO,NO,NO,NO,NO,NO,NO,NO,NO,NO,NO,NO,NO,NO,no,27,20EPA027CF08,Isolate,C. coli,826
EPA027CF9,PID-0657-20EPA027CF9__51321,s__Campylobacter_D coli,827,no,YES,NO,NO,YES,NO,NO,NO,NO,NO,NO,NO,NO,YES,NO,NO,NO,NO,NO,NO,NO,NO,NO,NO,NO,NO,NO,NO,NO,NO,NO,NO,NO,NO,no,27,EPA027CF9,Isolate,C. coli,NA
EPA027CP1,PID-0657-20EPA027CP1__51325,s__Campylobacter_D coli,827,no,YES,NO,NO,YES,NO,NO,NO,NO,NO,NO,NO,NO,YES,NO,NO,NO,NO,NO,NO,NO,NO,NO,NO,NO,NO,NO,NO,NO,NO,NO,NO,NO,NO,no,27,EPA027CP1,Isolate,C. coli,NA
EPA027CP10,PID-0657-20EPA027CP10__51302,s__Campylobacter_D coli,827,no,YES,NO,NO,YES,NO,NO,NO,NO,NO,NO,NO,NO,YES,NO,NO,NO,NO,NO,NO,NO,NO,NO,NO,NO,NO,NO,NO,NO,NO,NO,NO,NO,NO,no,27,EPA027CP10,Isolate,C. coli,NA
EPA027CP11,PID-0657-20EPA027CP11__51316,s__Campylobacter_D coli,827,no,YES,NO,NO,YES,NO,NO,NO,NO,NO,NO,NO,NO,YES,NO,NO,NO,NO,NO,NO,NO,NO,NO,NO,NO,NO,NO,NO,NO,NO,NO,NO,NO,NO,no,27,EPA027CP11,Isolate,C. coli,NA
EPA027CP12,PID-0657-20EPA027CP12__51323,s__Campylobacter_D coli,827,no,YES,NO,NO,YES,NO,NO,NO,NO,NO,NO,NO,NO,YES,NO,NO,NO,NO,NO,NO,NO,NO,NO,NO,NO,NO,NO,NO,NO,NO,NO,NO,NO,NO,no,27,EPA027CP12,Isolate,C. coli,NA
EPA027CP13,PID-0657-20EPA027CP13__51320,s__Campylobacter_D coli,827,no,YES,NO,NO,YES,NO,NO,NO,NO,NO,NO,NO,NO,YES,NO,NO,NO,NO,NO,NO,NO,NO,NO,NO,NO,NO,NO,NO,NO,NO,NO,NO,NO,NO,no,27,EPA027CP13,Isolate,C. coli,NA
EPA027CP14,PID-0657-20EPA027CP14__51315,s__Campylobacter_D coli,827,no,YES,NO,NO,YES,NO,NO,NO,NO,NO,NO,NO,NO,YES,NO,NO,NO,NO,NO,NO,NO,NO,NO,NO,NO,NO,NO,NO,NO,NO,NO,NO,NO,NO,no,27,EPA027CP14,Isolate,C. coli,NA
EPA027CP15,PID-0657-20EPA027CP15__51305,s__Campylobacter_D coli,827,no,YES,NO,NO,YES,NO,NO,NO,NO,NO,NO,NO,NO,YES,NO,NO,NO,NO,NO,NO,NO,NO,NO,NO,NO,NO,NO,NO,NO,NO,NO,NO,NO,NO,no,27,EPA027CP15,Isolate,C. coli,NA
EPA027CP2,PID-0657-20EPA027CP2__51313,s__Campylobacter_D coli,827,no,YES,NO,NO,YES,NO,NO,NO,NO,NO,NO,NO,NO,YES,NO,NO,NO,NO,NO,NO,NO,NO,NO,NO,NO,NO,NO,NO,NO,NO,NO,NO,NO,NO,no,27,EPA027CP2,Isolate,C. coli,NA
EPA027CP3,PID-0657-20EPA027CP3__51293,s__Campylobacter_D coli,827,no,YES,NO,NO,YES,NO,NO,NO,NO,NO,NO,NO,NO,YES,NO,NO,NO,NO,NO,NO,NO,NO,NO,NO,NO,NO,NO,NO,NO,NO,NO,NO,NO,NO,no,27,EPA027CP3,Isolate,C. coli,NA
EPA027CP4,PID-0657-20EPA027CP4__51296,s__Campylobacter_D coli,827,no,YES,NO,NO,YES,NO,NO,NO,NO,NO,NO,NO,NO,YES,NO,NO,NO,NO,NO,NO,NO,NO,NO,NO,NO,NO,NO,NO,NO,NO,NO,NO,NO,NO,no,27,EPA027CP4,Isolate,C. coli,NA
EPA027CP5,PID-0657-20EPA027CP5__51328,s__Campylobacter_D coli,827,no,YES,NO,NO,YES,NO,NO,NO,NO,NO,NO,NO,NO,YES,NO,NO,NO,NO,NO,NO,NO,NO,NO,NO,NO,NO,NO,NO,NO,NO,NO,NO,NO,NO,no,27,EPA027CP5,Isolate,C. coli,NA
EPA027CP6,PID-0657-20EPA027CP6__51348,s__Campylobacter_D coli,827,no,YES,NO,NO,YES,NO,NO,NO,NO,NO,NO,NO,NO,YES,NO,NO,NO,NO,NO,NO,NO,NO,NO,NO,NO,NO,NO,NO,NO,NO,NO,NO,NO,NO,no,27,EPA027CP6,Isolate,C. coli,NA
EPA027CP7,PID-0657-20EPA027CP7__51344,s__Campylobacter_D coli,827,no,YES,NO,NO,YES,NO,NO,NO,NO,NO,NO,NO,NO,YES,NO,NO,NO,NO,NO,NO,NO,NO,NO,NO,NO,NO,NO,NO,NO,NO,NO,NO,NO,NO,no,27,EPA027CP7,Isolate,C. coli,NA
EPA027CP8,PID-0657-20EPA027CP8__51307,s__Campylobacter_D coli,827,no,YES,NO,NO,YES,NO,NO,NO,NO,NO,NO,NO,NO,YES,NO,NO,NO,NO,NO,NO,NO,NO,NO,NO,NO,NO,NO,NO,NO,NO,NO,NO,NO,NO,no,27,EPA027CP8,Isolate,C. coli,NA
EPA027CP9,PID-0657-20EPA027CP9__51345,s__Campylobacter_D coli,827,no,YES,NO,NO,YES,NO,NO,NO,NO,NO,NO,NO,NO,YES,NO,NO,NO,NO,NO,NO,NO,NO,NO,NO,NO,NO,NO,NO,NO,NO,NO,NO,NO,NO,no,27,EPA027CP9,Isolate,C. coli,NA
EPA034CF1,PID-0915-21EPA034CF1__59959,s__Campylobacter_D jejuni,9897,no,NO,NO,NO,NO,NO,NO,NO,NO,NO,NO,YES,NO,NO,NO,NO,NO,NO,NO,NO,YES,NO,NO,NO,NO,NO,NO,NO,NO,NO,NO,NO,NO,YES,no,34,EPA034CF1,Isolate,C. jejuni,NA
EPA034CF10,PID-0915-21EPA034CF10__59956,s__Campylobacter_D jejuni,9897,no,NO,NO,NO,NO,NO,NO,NO,NO,NO,NO,YES,NO,NO,NO,NO,NO,NO,NO,NO,YES,NO,NO,NO,NO,NO,NO,NO,NO,NO,NO,NO,NO,YES,no,34,EPA034CF10,Isolate,C. jejuni,NA
EPA034CF11,PID-0915-21EPA034CF11__60001,s__Campylobacter_D jejuni,9897,no,NO,NO,NO,NO,NO,NO,NO,NO,NO,NO,YES,NO,NO,NO,NO,NO,NO,NO,NO,YES,NO,NO,NO,NO,NO,NO,NO,NO,NO,NO,NO,NO,YES,no,34,EPA034CF11,Isolate,C. jejuni,NA
EPA034CF12,PID-0915-21EPA034CF12__59958,s__Campylobacter_D jejuni,9897,no,NO,NO,NO,NO,NO,NO,NO,NO,NO,NO,YES,NO,NO,NO,NO,NO,NO,NO,NO,YES,NO,NO,NO,NO,NO,NO,NO,NO,NO,NO,NO,NO,YES,no,34,EPA034CF12,Isolate,C. jejuni,NA
EPA034CF13,PID-0915-21EPA034CF13__59937,s__Campylobacter_D jejuni,9897,no,NO,NO,NO,NO,NO,NO,NO,NO,NO,NO,YES,NO,NO,NO,NO,NO,NO,NO,NO,YES,NO,NO,NO,NO,NO,NO,NO,NO,NO,NO,NO,NO,YES,no,34,EPA034CF13,Isolate,C. jejuni,NA
EPA034CF14,PID-0915-21EPA034CF14__59991,s__Campylobacter_D jejuni,9897,no,NO,NO,NO,NO,NO,NO,NO,NO,NO,NO,YES,NO,NO,NO,NO,NO,NO,NO,NO,YES,NO,NO,NO,NO,NO,NO,NO,NO,NO,NO,NO,NO,YES,no,34,21EPA034CF14,Isolate,C. jejuni,9897
EPA034CF15,PID-0915-21EPA034CF15__59943,s__Campylobacter_D jejuni,9897,no,NO,NO,NO,NO,NO,NO,NO,NO,NO,NO,YES,NO,NO,NO,NO,NO,NO,NO,NO,YES,NO,NO,NO,NO,NO,NO,NO,NO,NO,NO,NO,NO,YES,no,34,EPA034CF15,Isolate,C. jejuni,NA
EPA034CF2,PID-0915-21EPA034CF2__60027,s__Campylobacter_D jejuni,9897,no,NO,NO,NO,NO,NO,NO,NO,NO,NO,NO,YES,NO,NO,NO,NO,NO,NO,NO,NO,YES,NO,NO,NO,NO,NO,NO,NO,NO,NO,NO,NO,NO,YES,no,34,EPA034CF2,Isolate,C. jejuni,NA
EPA034CF3,PID-0915-21EPA034CF3__60018,s__Campylobacter_D jejuni,9897,no,NO,NO,NO,NO,NO,NO,NO,NO,NO,NO,YES,NO,NO,NO,NO,NO,NO,NO,NO,YES,NO,NO,NO,NO,NO,NO,NO,NO,NO,NO,NO,NO,YES,no,34,EPA034CF3,Isolate,C. jejuni,NA
EPA034CF4,PID-0915-21EPA034CF4__59932,s__Campylobacter_D jejuni,9897,no,NO,NO,NO,NO,NO,NO,NO,NO,NO,NO,YES,NO,NO,NO,NO,NO,NO,NO,NO,YES,NO,NO,NO,NO,NO,NO,NO,NO,NO,NO,NO,NO,YES,no,34,EPA034CF4,Isolate,C. jejuni,NA
EPA034CF5,PID-0915-21EPA034CF5__59945,s__Campylobacter_D jejuni,9897,no,NO,NO,NO,NO,NO,NO,NO,NO,NO,NO,YES,NO,NO,NO,NO,NO,NO,NO,NO,YES,NO,NO,NO,NO,NO,NO,NO,NO,NO,NO,NO,NO,YES,no,34,EPA034CF5,Isolate,C. jejuni,NA
EPA034CF6,PID-0915-21EPA034CF6__60037,s__Campylobacter_D jejuni,9897,no,NO,NO,NO,NO,NO,NO,NO,NO,NO,NO,YES,NO,NO,NO,NO,NO,NO,NO,NO,YES,NO,NO,NO,NO,NO,NO,NO,NO,NO,NO,NO,NO,YES,no,34,EPA034CF6,Isolate,C. jejuni,NA
EPA034CF7,PID-0915-21EPA034CF7__59966,s__Campylobacter_D jejuni,9897,no,NO,NO,NO,NO,NO,NO,NO,NO,NO,NO,YES,NO,NO,NO,NO,NO,NO,NO,NO,YES,NO,NO,NO,NO,NO,NO,NO,NO,NO,NO,NO,NO,YES,no,34,21EPA034CF07,Isolate,C. jejuni,9897
EPA034CF8,PID-0915-21EPA034CF8__59981,s__Campylobacter_D jejuni,9897,no,NO,NO,NO,NO,NO,NO,NO,NO,NO,NO,YES,NO,NO,NO,NO,NO,NO,NO,NO,YES,NO,NO,NO,NO,NO,NO,NO,NO,NO,NO,NO,NO,YES,no,34,EPA034CF8,Isolate,C. jejuni,NA
EPA034CF9,PID-0915-21EPA034CF9__59967,s__Campylobacter_D jejuni,9897,no,NO,NO,NO,NO,NO,NO,NO,NO,NO,NO,YES,NO,NO,NO,NO,NO,NO,NO,NO,YES,NO,NO,NO,NO,NO,NO,NO,NO,NO,NO,NO,NO,YES,no,34,EPA034CF9,Isolate,C. jejuni,NA
EPA034CP1,PID-0915-21EPA034CP1__60010,s__Campylobacter_D jejuni,9897,no,NO,NO,NO,NO,NO,NO,NO,NO,NO,NO,YES,NO,NO,NO,NO,NO,NO,NO,NO,YES,NO,NO,NO,NO,NO,NO,NO,NO,NO,NO,NO,NO,YES,no,34,EPA034CP1,Isolate,C. jejuni,NA
EPA034CP10,PID-0915-21EPA034CP10__59979,s__Campylobacter_D jejuni,9897,no,NO,NO,NO,NO,NO,NO,NO,NO,NO,NO,YES,NO,NO,NO,NO,NO,NO,NO,NO,YES,NO,NO,NO,NO,NO,NO,NO,NO,NO,NO,NO,NO,YES,no,34,EPA034CP10,Isolate,C. jejuni,NA
EPA034CP11,PID-0915-21EPA034CP11__59992,s__Campylobacter_D jejuni,9897,no,NO,NO,NO,NO,NO,NO,NO,NO,NO,NO,YES,NO,NO,NO,NO,NO,NO,NO,NO,YES,NO,NO,NO,NO,NO,NO,NO,NO,NO,NO,NO,NO,YES,no,34,EPA034CP11,Isolate,C. jejuni,NA
EPA034CP12,PID-0915-21EPA034CP12__60007,s__Campylobacter_D jejuni,9897,no,NO,NO,NO,NO,NO,NO,NO,NO,NO,NO,YES,NO,NO,NO,NO,NO,NO,NO,NO,YES,NO,NO,NO,NO,NO,NO,NO,NO,NO,NO,NO,NO,YES,no,34,EPA034CP12,Isolate,C. jejuni,NA
EPA034CP13,PID-0915-21EPA034CP13__59938,s__Campylobacter_D jejuni,9897,no,NO,NO,NO,NO,NO,NO,NO,NO,NO,NO,YES,NO,NO,NO,NO,NO,NO,NO,NO,YES,NO,NO,NO,NO,NO,NO,NO,NO,NO,NO,NO,NO,YES,no,34,EPA034CP13,Isolate,C. jejuni,NA
EPA034CP14,PID-0915-21EPA034CP14__59941,s__Campylobacter_D jejuni,9897,no,NO,NO,NO,NO,NO,NO,NO,NO,NO,NO,YES,NO,NO,NO,NO,NO,NO,NO,NO,YES,NO,NO,NO,NO,NO,NO,NO,NO,NO,NO,NO,NO,YES,no,34,EPA034CP14,Isolate,C. jejuni,NA
EPA034CP15,PID-0915-21EPA034CP15__60003,s__Campylobacter_D jejuni,9897,no,NO,NO,NO,NO,NO,NO,NO,NO,NO,NO,YES,NO,NO,NO,NO,NO,NO,NO,NO,YES,NO,NO,NO,NO,NO,NO,NO,NO,NO,NO,NO,NO,YES,no,34,EPA034CP15,Isolate,C. jejuni,NA
EPA034CP2,PID-0915-21EPA034CP2__59997,s__Campylobacter_D jejuni,9897,no,NO,NO,NO,NO,NO,NO,NO,NO,NO,NO,YES,NO,NO,NO,NO,NO,NO,NO,NO,YES,NO,NO,NO,NO,NO,NO,NO,NO,NO,NO,NO,NO,YES,no,34,EPA034CP2,Isolate,C. jejuni,NA
EPA034CP3,PID-0915-21EPA034CP3__60020,s__Campylobacter_D jejuni,9897,no,NO,NO,NO,NO,NO,NO,NO,NO,NO,NO,YES,NO,NO,NO,NO,NO,NO,NO,NO,YES,NO,NO,NO,NO,NO,NO,NO,NO,NO,NO,NO,NO,YES,no,34,EPA034CP3,Isolate,C. jejuni,NA
EPA034CP4,PID-0915-21EPA034CP4__59940,s__Campylobacter_D jejuni,9897,no,NO,NO,NO,NO,NO,NO,NO,NO,NO,NO,YES,NO,NO,NO,NO,NO,NO,NO,NO,YES,NO,NO,NO,NO,NO,NO,NO,NO,NO,NO,NO,NO,YES,no,34,EPA034CP4,Isolate,C. jejuni,NA
EPA034CP5,PID-0915-21EPA034CP5__59953,s__Campylobacter_D jejuni,9897,no,NO,NO,NO,NO,NO,NO,NO,NO,NO,NO,YES,NO,NO,NO,NO,NO,NO,NO,NO,YES,NO,NO,NO,NO,NO,NO,NO,NO,NO,NO,NO,NO,YES,no,34,EPA034CP5,Isolate,C. jejuni,NA
EPA034CP6,PID-0915-21EPA034CP6__59986,s__Campylobacter_D jejuni,9897,no,NO,NO,NO,NO,NO,NO,NO,NO,NO,NO,YES,NO,NO,NO,NO,NO,NO,NO,NO,YES,NO,NO,NO,NO,NO,NO,NO,NO,NO,NO,NO,NO,YES,no,34,EPA034CP6,Isolate,C. jejuni,NA
EPA034CP7,PID-0915-21EPA034CP7__60038,s__Campylobacter_D jejuni,9897,no,NO,NO,NO,NO,NO,NO,NO,NO,NO,NO,YES,NO,NO,NO,NO,NO,NO,NO,NO,YES,NO,NO,NO,NO,NO,NO,NO,NO,NO,NO,NO,NO,YES,no,34,EPA034CP7,Isolate,C. jejuni,NA
EPA034CP8,PID-0915-21EPA034CP8__59930,s__Campylobacter_D jejuni,9897,no,NO,NO,NO,NO,NO,NO,NO,NO,NO,NO,YES,NO,NO,NO,NO,NO,NO,NO,NO,YES,NO,NO,NO,NO,NO,NO,NO,NO,NO,NO,NO,NO,YES,no,34,EPA034CP8,Isolate,C. jejuni,NA
EPA034CP9,PID-0915-21EPA034CP9__59952,s__Campylobacter_D jejuni,9897,no,NO,NO,NO,NO,NO,NO,NO,NO,NO,NO,YES,NO,NO,NO,NO,NO,NO,NO,NO,YES,NO,NO,NO,NO,NO,NO,NO,NO,NO,NO,NO,NO,YES,no,34,EPA034CP9,Isolate,C. jejuni,NA
EPA039CF1,PID-0666-21EPA039CF1__52142,s__Campylobacter_D jejuni,45,no,NO,NO,NO,YES,NO,NO,NO,NO,NO,NO,YES,NO,NO,NO,NO,NO,NO,NO,NO,NO,NO,NO,NO,NO,NO,NO,NO,NO,NO,NO,NO,NO,NO,no,39,21EPA039CF01,Isolate,C. jejuni,45
EPA039CF10,PID-0666-21EPA039CF10__52172,s__Campylobacter_D jejuni,45,no,NO,NO,NO,YES,NO,NO,NO,NO,NO,NO,YES,NO,NO,NO,NO,NO,NO,NO,NO,NO,NO,NO,NO,NO,NO,NO,NO,NO,NO,NO,NO,NO,NO,no,39,EPA039CF10,Isolate,C. jejuni,NA
EPA039CF11,PID-0666-21EPA039CF11__52180,s__Campylobacter_D jejuni,45,no,NO,NO,NO,YES,NO,NO,NO,NO,NO,NO,YES,NO,NO,NO,NO,NO,NO,NO,NO,NO,NO,NO,NO,NO,NO,NO,NO,NO,NO,NO,NO,NO,NO,no,39,21EPA039CF11,Isolate,C. jejuni,45
EPA039CF12,PID-0666-21EPA039CF12__52162,s__Campylobacter_D jejuni,45,no,NO,NO,NO,YES,NO,NO,NO,NO,NO,YES,NO,NO,NO,NO,NO,NO,NO,NO,NO,NO,NO,NO,NO,NO,NO,NO,NO,NO,NO,NO,NO,NO,NO,no,39,EPA039CF12,Isolate,C. jejuni,NA
EPA039CF13,PID-0666-21EPA039CF13__52149,s__Campylobacter_D jejuni,45,no,NO,NO,NO,YES,NO,NO,NO,NO,NO,NO,YES,NO,NO,NO,NO,NO,NO,NO,NO,NO,NO,NO,NO,NO,NO,NO,NO,NO,NO,NO,NO,NO,NO,no,39,21EPA039CF13,Isolate,C. jejuni,45
EPA039CF14,PID-0666-21EPA039CF14__52158,s__Campylobacter_D jejuni,45,no,NO,NO,NO,YES,NO,NO,NO,NO,NO,YES,NO,NO,NO,NO,NO,NO,NO,NO,NO,NO,NO,NO,NO,NO,NO,NO,NO,NO,NO,NO,NO,NO,NO,no,39,21EPA039CF14,Isolate,C. jejuni,45
EPA039CF15,PID-0666-21EPA039CF15__52163,s__Campylobacter_D jejuni,45,no,NO,NO,NO,YES,NO,NO,NO,NO,NO,YES,NO,NO,NO,NO,NO,NO,NO,NO,NO,NO,NO,NO,NO,NO,NO,NO,NO,NO,NO,NO,NO,NO,NO,no,39,21EPA039CF15,Isolate,C. jejuni,45
EPA039CF2,PID-0666-21EPA039CF2__52150,s__Campylobacter_D jejuni,45,no,NO,NO,NO,YES,NO,NO,NO,NO,NO,NO,YES,NO,NO,NO,NO,NO,NO,NO,NO,NO,NO,NO,NO,NO,NO,NO,NO,NO,NO,NO,NO,NO,NO,no,39,EPA039CF2,Isolate,C. jejuni,NA
EPA039CF3,PID-0666-21EPA039CF3__52160,s__Campylobacter_D jejuni,45,no,NO,NO,NO,YES,NO,NO,NO,NO,NO,YES,NO,NO,NO,NO,NO,NO,NO,NO,NO,NO,NO,NO,NO,NO,NO,NO,NO,NO,NO,NO,NO,NO,NO,no,39,EPA039CF3,Isolate,C. jejuni,NA
EPA039CF4,PID-0666-21EPA039CF4__52151,s__Campylobacter_D jejuni,45,no,NO,NO,NO,YES,NO,NO,NO,NO,NO,NO,YES,NO,NO,NO,NO,NO,NO,NO,NO,NO,NO,NO,NO,NO,NO,NO,NO,NO,NO,NO,NO,NO,NO,no,39,EPA039CF4,Isolate,C. jejuni,NA
EPA039CF5,PID-0666-21EPA039CF5__52186,s__Campylobacter_D jejuni,45,no,NO,NO,NO,YES,NO,NO,NO,NO,NO,YES,NO,NO,NO,NO,NO,NO,NO,NO,NO,NO,NO,NO,NO,NO,NO,NO,NO,NO,NO,NO,NO,NO,NO,no,39,EPA039CF5,Isolate,C. jejuni,NA
EPA039CF6,PID-0666-21EPA039CF6__52185,s__Campylobacter_D jejuni,45,no,NO,NO,NO,YES,NO,NO,NO,NO,NO,YES,NO,NO,NO,NO,NO,NO,NO,NO,NO,NO,NO,NO,NO,NO,NO,NO,NO,NO,NO,NO,NO,NO,NO,no,39,EPA039CF6,Isolate,C. jejuni,NA
EPA039CF7,PID-0666-21EPA039CF7__52166,s__Campylobacter_D jejuni,45,no,NO,NO,NO,YES,NO,NO,NO,NO,NO,YES,NO,NO,NO,NO,NO,NO,NO,NO,NO,NO,NO,NO,NO,NO,NO,NO,NO,NO,NO,NO,NO,NO,NO,no,39,EPA039CF7,Isolate,C. jejuni,NA
EPA039CF8,PID-0666-21EPA039CF8__52143,s__Campylobacter_D jejuni,45,no,NO,NO,NO,YES,NO,NO,NO,NO,NO,YES,NO,NO,NO,NO,NO,NO,NO,NO,NO,NO,NO,NO,NO,NO,NO,NO,NO,NO,NO,NO,NO,NO,NO,no,39,21EPA039CF08,Isolate,C. jejuni,45
EPA039CF9,PID-0666-21EPA039CF9__52190,s__Campylobacter_D jejuni,45,no,NO,NO,NO,YES,NO,NO,NO,NO,NO,YES,NO,NO,NO,NO,NO,NO,NO,NO,NO,NO,NO,NO,NO,NO,NO,NO,NO,NO,NO,NO,NO,NO,NO,no,39,EPA039CF9,Isolate,C. jejuni,NA
EPA039CP1,PID-0666-21EPA039CP1__52154,s__Campylobacter_D jejuni,45,no,NO,NO,NO,YES,NO,NO,NO,NO,NO,NO,YES,NO,NO,NO,NO,NO,NO,NO,NO,NO,NO,NO,NO,NO,NO,NO,NO,NO,NO,NO,NO,NO,NO,no,39,21EPA039CP01,Isolate,C. jejuni,45
EPA039CP10,PID-0666-21EPA039CP10__52181,s__Campylobacter_D jejuni,45,no,NO,NO,NO,YES,NO,NO,NO,NO,NO,NO,YES,NO,NO,NO,NO,NO,NO,NO,NO,NO,NO,NO,NO,NO,NO,NO,NO,NO,NO,NO,NO,NO,NO,no,39,EPA039CP10,Isolate,C. jejuni,NA
EPA039CP11,PID-0666-21EPA039CP11__52174,s__Campylobacter_D jejuni,45,no,NO,NO,NO,YES,NO,NO,NO,NO,NO,NO,YES,NO,NO,NO,NO,NO,NO,NO,NO,NO,NO,NO,NO,NO,NO,NO,NO,NO,NO,NO,NO,NO,NO,no,39,EPA039CP11,Isolate,C. jejuni,NA
EPA039CP12,PID-0666-21EPA039CP12__52169,s__Campylobacter_D jejuni,45,no,NO,NO,NO,YES,NO,NO,NO,NO,NO,YES,NO,NO,NO,NO,NO,NO,NO,NO,NO,NO,NO,NO,NO,NO,NO,NO,NO,NO,NO,NO,NO,NO,NO,no,39,21EPA039CP12,Isolate,C. jejuni,45
EPA039CP13,PID-0666-21EPA039CP13__52165,s__Campylobacter_D jejuni,45,no,NO,NO,NO,YES,NO,NO,NO,NO,NO,NO,YES,NO,NO,NO,NO,NO,NO,NO,NO,NO,NO,NO,NO,NO,NO,NO,NO,NO,NO,NO,NO,NO,NO,no,39,EPA039CP13,Isolate,C. jejuni,NA
EPA039CP14,PID-0666-21EPA039CP14__52179,s__Campylobacter_D jejuni,45,no,NO,NO,NO,YES,NO,NO,NO,NO,NO,YES,NO,NO,NO,NO,NO,NO,NO,NO,NO,NO,NO,NO,NO,NO,NO,NO,NO,NO,NO,NO,NO,NO,NO,no,39,EPA039CP14,Isolate,C. jejuni,NA
EPA039CP15,PID-0666-21EPA039CP15__52178,s__Campylobacter_D jejuni,45,no,NO,NO,NO,YES,NO,NO,NO,NO,NO,NO,YES,NO,NO,NO,NO,NO,NO,NO,NO,NO,NO,NO,NO,NO,NO,NO,NO,NO,NO,NO,NO,NO,NO,no,39,EPA039CP15,Isolate,C. jejuni,NA
EPA039CP2,PID-0666-21EPA039CP2__52187,s__Campylobacter_D jejuni,45,no,NO,NO,NO,YES,NO,NO,NO,NO,NO,NO,YES,NO,NO,NO,NO,NO,NO,NO,NO,NO,NO,NO,NO,NO,NO,NO,NO,NO,NO,NO,NO,NO,NO,no,39,EPA039CP2,Isolate,C. jejuni,NA
EPA039CP3,PID-0666-21EPA039CP3__52188,s__Campylobacter_D jejuni,45,no,NO,NO,NO,YES,NO,NO,NO,NO,NO,NO,YES,NO,NO,NO,NO,NO,NO,NO,NO,NO,NO,NO,NO,NO,NO,NO,NO,NO,NO,NO,NO,NO,NO,no,39,EPA039CP3,Isolate,C. jejuni,NA
EPA039CP4,PID-0666-21EPA039CP4__52147,s__Campylobacter_D jejuni,45,no,NO,NO,NO,YES,NO,NO,NO,NO,NO,NO,YES,NO,NO,NO,NO,NO,NO,NO,NO,NO,NO,NO,NO,NO,NO,NO,NO,NO,NO,NO,NO,NO,NO,no,39,EPA039CP4,Isolate,C. jejuni,NA
EPA039CP5,PID-0666-21EPA039CP5__52141,s__Campylobacter_D jejuni,45,no,NO,NO,NO,YES,NO,NO,NO,NO,NO,NO,YES,NO,NO,NO,NO,NO,NO,NO,NO,NO,NO,NO,NO,NO,NO,NO,NO,NO,NO,NO,NO,NO,NO,no,39,21EPA039CP05,Isolate,C. jejuni,45
EPA039CP6,PID-0666-21EPA039CP6__52177,s__Campylobacter_D jejuni,45,no,NO,NO,NO,YES,NO,NO,NO,NO,NO,YES,NO,NO,NO,NO,NO,NO,NO,NO,NO,NO,NO,NO,NO,NO,NO,NO,NO,NO,NO,NO,NO,NO,NO,no,39,21EPA039CP06,Isolate,C. jejuni,45
EPA039CP7,PID-0666-21EPA039CP7__52152,s__Campylobacter_D jejuni,45,no,NO,NO,NO,YES,NO,NO,NO,NO,NO,NO,YES,NO,NO,NO,NO,NO,NO,NO,NO,NO,NO,NO,NO,NO,NO,NO,NO,NO,NO,NO,NO,NO,NO,no,39,EPA039CP7,Isolate,C. jejuni,NA
EPA039CP8,PID-0666-21EPA039CP8__52146,s__Campylobacter_D jejuni,45,no,NO,NO,NO,YES,NO,NO,NO,NO,NO,NO,YES,NO,NO,NO,NO,NO,NO,NO,NO,NO,NO,NO,NO,NO,NO,NO,NO,NO,NO,NO,NO,NO,NO,no,39,21EPA039CP08,Isolate,C. jejuni,45
EPA039CP9,PID-0666-21EPA039CP9__52159,s__Campylobacter_D jejuni,45,no,NO,NO,NO,YES,NO,NO,NO,NO,NO,NO,YES,NO,NO,NO,NO,NO,NO,NO,NO,NO,NO,NO,NO,NO,NO,NO,NO,NO,NO,NO,NO,NO,NO,no,39,EPA039CP9,Isolate,C. jejuni,NA
EPA041CF1,PID-0818-21EPA041CF1__56472,s__Campylobacter_D jejuni,9897,no,NO,NO,NO,NO,NO,NO,NO,NO,NO,NO,YES,NO,NO,NO,NO,NO,NO,NO,NO,YES,NO,NO,NO,NO,NO,NO,NO,NO,NO,NO,NO,NO,YES,no,41,EPA041CF1,Isolate,C. jejuni,NA
EPA041CF10,PID-0818-21EPA041CF10__56469,s__Campylobacter_D jejuni,9897,no,NO,NO,NO,NO,NO,NO,NO,NO,NO,NO,YES,NO,NO,NO,NO,NO,NO,NO,NO,YES,NO,NO,NO,NO,NO,NO,NO,NO,NO,NO,NO,NO,YES,no,41,EPA041CF10,Isolate,C. jejuni,NA
EPA041CF2,PID-0818-21EPA041CF2__56474,s__Campylobacter_D jejuni,9897,no,NO,NO,NO,NO,NO,NO,NO,NO,NO,NO,YES,NO,NO,NO,NO,NO,NO,NO,NO,YES,NO,NO,NO,NO,NO,NO,NO,NO,NO,NO,NO,NO,YES,no,41,21EPA041CF02,Isolate,C. jejuni,9897
EPA041CF3,PID-0818-21EPA041CF3__56475,s__Campylobacter_D jejuni,9897,no,NO,NO,NO,NO,NO,NO,NO,NO,NO,NO,YES,NO,NO,NO,NO,NO,NO,NO,NO,YES,NO,NO,NO,NO,NO,NO,NO,NO,NO,NO,NO,NO,YES,no,41,21EPA041CF03,Isolate,C. jejuni,9897
EPA041CF4,PID-0818-21EPA041CF4__56482,s__Campylobacter_D jejuni,9897,no,NO,NO,NO,NO,NO,NO,NO,NO,NO,NO,YES,NO,NO,NO,NO,NO,NO,NO,NO,YES,NO,NO,NO,NO,NO,NO,NO,NO,NO,NO,NO,NO,YES,no,41,EPA041CF4,Isolate,C. jejuni,NA
EPA041CF5,PID-0818-21EPA041CF5__56483,s__Campylobacter_D jejuni,9897,no,NO,NO,NO,NO,NO,NO,NO,NO,NO,YES,NO,NO,NO,NO,NO,NO,NO,NO,NO,YES,NO,NO,NO,NO,NO,NO,NO,NO,NO,NO,NO,NO,YES,no,41,EPA041CF5,Isolate,C. jejuni,NA
EPA041CF6,PID-0818-21EPA041CF6__56468,s__Campylobacter_D jejuni,9897,no,NO,NO,NO,NO,NO,NO,NO,NO,NO,NO,YES,NO,NO,NO,NO,NO,NO,NO,NO,YES,NO,NO,NO,NO,NO,NO,NO,NO,NO,NO,NO,NO,YES,no,41,EPA041CF6,Isolate,C. jejuni,NA
EPA041CF7,PID-0818-21EPA041CF7__56481,s__Campylobacter_D jejuni,9897,no,NO,NO,NO,NO,NO,NO,NO,NO,NO,NO,YES,NO,NO,NO,NO,NO,NO,YES,NO,YES,NO,NO,YES,NO,NO,NO,NO,NO,NO,NO,NO,NO,YES,no,41,EPA041CF7,Isolate,C. jejuni,NA
EPA041CF8,PID-0818-21EPA041CF8__56477,s__Campylobacter_D jejuni,9897,no,NO,NO,NO,NO,NO,NO,NO,NO,NO,NO,YES,NO,NO,NO,NO,NO,NO,NO,NO,YES,NO,NO,NO,NO,NO,NO,NO,NO,NO,NO,NO,NO,YES,no,41,EPA041CF8,Isolate,C. jejuni,NA
EPA041CF9,PID-0818-21EPA041CF9__56465,s__Campylobacter_D jejuni,9897,no,NO,NO,NO,NO,NO,NO,NO,NO,NO,NO,YES,NO,NO,NO,NO,NO,NO,NO,NO,YES,NO,NO,NO,NO,NO,NO,NO,NO,NO,NO,NO,NO,YES,no,41,EPA041CF9,Isolate,C. jejuni,NA
EPA041CP1,PID-0818-21EPA041CP1__56466,s__Campylobacter_D jejuni,9897,no,NO,YES,NO,NO,NO,YES,NO,YES,NO,NO,YES,NO,NO,NO,YES,YES,YES,YES,NO,YES,YES,YES,YES,YES,YES,YES,YES,YES,YES,YES,YES,NO,YES,no,41,EPA041CP1,Isolate,C. jejuni,NA
EPA041CP10,PID-0818-21EPA041CP10__56476,s__Campylobacter_D jejuni,9897,no,NO,NO,NO,NO,NO,NO,NO,NO,NO,NO,YES,NO,NO,NO,NO,NO,NO,NO,NO,YES,NO,NO,NO,NO,NO,NO,NO,NO,NO,NO,NO,NO,YES,no,41,EPA041CP10,Isolate,C. jejuni,NA
EPA041CP2,PID-0818-21EPA041CP2__56470,s__Campylobacter_D jejuni,9897,no,NO,NO,NO,NO,NO,NO,NO,NO,NO,NO,YES,NO,NO,NO,NO,NO,NO,NO,NO,YES,NO,NO,NO,NO,NO,NO,NO,NO,NO,NO,NO,NO,YES,no,41,EPA041CP2,Isolate,C. jejuni,NA
EPA041CP3,PID-0818-21EPA041CP3__56464,s__Campylobacter_D jejuni,9897,no,NO,NO,NO,NO,NO,NO,NO,NO,NO,NO,YES,NO,NO,NO,NO,NO,NO,NO,NO,YES,NO,NO,NO,NO,NO,NO,NO,NO,NO,NO,NO,NO,YES,no,41,EPA041CP3,Isolate,C. jejuni,NA
EPA041CP4,PID-0818-21EPA041CP4__56479,s__Campylobacter_D jejuni,-,no,NO,NO,NO,NO,NO,NO,NO,NO,NO,NO,YES,NO,NO,NO,NO,NO,NO,NO,NO,YES,NO,NO,NO,NO,NO,NO,NO,NO,NO,NO,NO,NO,YES,no,41,21EPA041CP04,Isolate,C. jejuni,-
EPA041CP5,PID-0818-21EPA041CP5__56471,s__Campylobacter_D jejuni,9897,no,NO,NO,NO,NO,NO,NO,NO,NO,NO,NO,YES,NO,NO,NO,NO,NO,NO,NO,NO,YES,NO,NO,NO,NO,NO,NO,NO,NO,NO,NO,NO,NO,YES,no,41,EPA041CP5,Isolate,C. jejuni,NA
EPA041CP6,PID-0818-21EPA041CP6__56478,s__Campylobacter_D jejuni,9897,no,NO,NO,NO,NO,NO,NO,NO,NO,NO,NO,YES,NO,NO,NO,NO,NO,NO,NO,NO,YES,NO,NO,NO,NO,NO,NO,NO,NO,NO,NO,NO,NO,YES,no,41,EPA041CP6,Isolate,C. jejuni,NA
EPA041CP7,PID-0818-21EPA041CP7__56473,s__Campylobacter_D jejuni,9897,no,NO,NO,NO,NO,NO,NO,NO,NO,NO,YES,NO,NO,NO,NO,NO,NO,NO,NO,NO,YES,NO,NO,NO,NO,NO,NO,NO,NO,NO,NO,NO,NO,YES,no,41,EPA041CP7,Isolate,C. jejuni,NA
EPA041CP8,PID-0818-21EPA041CP8__56480,s__Campylobacter_D jejuni,9897,no,NO,NO,NO,NO,NO,NO,NO,NO,NO,NO,YES,NO,NO,NO,NO,NO,NO,NO,NO,YES,NO,NO,NO,NO,NO,NO,NO,NO,NO,NO,NO,NO,YES,no,41,EPA041CP8,Isolate,C. jejuni,NA
EPA041CP9,PID-0818-21EPA041CP9__56467,s__Campylobacter_D jejuni,9897,no,NO,NO,NO,NO,YES,NO,NO,NO,YES,NO,YES,NO,NO,NO,NO,NO,YES,YES,NO,YES,NO,NO,NO,NO,NO,NO,NO,NO,NO,NO,NO,NO,YES,no,41,EPA041CP9,Isolate,C. jejuni,NA
EPA049CF1,PID-0836-21EPA049CF1__57766,s__Campylobacter_D jejuni,38,no,NO,NO,NO,NO,NO,NO,NO,NO,NO,NO,YES,NO,NO,NO,NO,NO,NO,NO,NO,NO,NO,NO,NO,NO,NO,NO,NO,NO,NO,NO,NO,NO,NO,no,49,EPA049CF1,Isolate,C. jejuni,NA
EPA049CF10,PID-0836-21EPA049CF10__57796,s__Campylobacter_D jejuni,38,no,NO,NO,NO,NO,NO,NO,NO,NO,NO,NO,YES,NO,NO,NO,NO,NO,NO,NO,NO,NO,NO,NO,NO,NO,NO,NO,NO,NO,NO,NO,NO,NO,NO,no,49,EPA049CF10,Isolate,C. jejuni,NA
EPA049CF2,PID-0836-21EPA049CF2__57794,s__Campylobacter_D jejuni,38,no,NO,NO,NO,NO,NO,NO,NO,NO,NO,NO,YES,NO,NO,NO,NO,NO,NO,NO,NO,NO,NO,NO,NO,NO,NO,NO,NO,NO,NO,NO,NO,NO,NO,no,49,EPA049CF2,Isolate,C. jejuni,NA
EPA049CF3,PID-0836-21EPA049CF3__57767,s__Campylobacter_D jejuni,38,no,NO,NO,NO,NO,NO,NO,NO,NO,NO,NO,YES,NO,NO,NO,NO,NO,NO,NO,NO,NO,NO,NO,NO,NO,NO,NO,NO,NO,NO,NO,NO,NO,NO,no,49,EPA049CF3,Isolate,C. jejuni,NA
EPA049CF4,PID-0836-21EPA049CF4__57738,s__Campylobacter_D jejuni,38,no,NO,NO,NO,NO,NO,NO,NO,NO,NO,NO,YES,NO,NO,NO,NO,NO,NO,NO,NO,NO,NO,NO,NO,NO,NO,NO,NO,NO,NO,NO,NO,NO,NO,no,49,EPA049CF4,Isolate,C. jejuni,NA
EPA049CF5,PID-0836-21EPA049CF5__57722,s__Campylobacter_D jejuni,38,no,NO,NO,NO,NO,NO,NO,NO,NO,NO,NO,YES,NO,NO,NO,NO,NO,NO,NO,NO,NO,NO,NO,NO,NO,NO,NO,NO,NO,NO,NO,NO,NO,NO,no,49,EPA049CF5,Isolate,C. jejuni,NA
EPA049CF6,PID-0836-21EPA049CF6__57784,s__Campylobacter_D jejuni,38,no,NO,NO,NO,NO,NO,NO,NO,NO,NO,NO,YES,NO,NO,NO,NO,NO,NO,NO,NO,NO,NO,NO,NO,NO,NO,NO,NO,NO,NO,NO,NO,NO,NO,no,49,EPA049CF6,Isolate,C. jejuni,NA
EPA049CF7,PID-0836-21EPA049CF7__57735,s__Campylobacter_D jejuni,38,no,NO,NO,NO,NO,NO,NO,NO,NO,NO,NO,YES,NO,NO,NO,NO,NO,NO,NO,NO,NO,NO,NO,NO,NO,NO,NO,NO,NO,NO,NO,NO,NO,NO,no,49,EPA049CF7,Isolate,C. jejuni,NA
EPA049CF8,PID-0836-21EPA049CF8__57788,s__Campylobacter_D jejuni,38,no,NO,NO,NO,NO,NO,NO,NO,NO,NO,NO,YES,NO,NO,NO,NO,NO,NO,NO,NO,NO,NO,NO,NO,NO,NO,NO,NO,NO,NO,NO,NO,NO,NO,no,49,EPA049CF8,Isolate,C. jejuni,NA
EPA049CF9,PID-0836-21EPA049CF9__57741,s__Campylobacter_D jejuni,38,no,NO,NO,NO,NO,NO,NO,NO,NO,NO,NO,YES,NO,NO,NO,NO,NO,NO,NO,NO,NO,NO,NO,NO,NO,NO,NO,NO,NO,NO,NO,NO,NO,NO,no,49,EPA049CF9,Isolate,C. jejuni,NA
EPA049CP1,PID-0836-21EPA049CP1__57720,s__Campylobacter_D jejuni,38,no,NO,NO,NO,NO,NO,NO,NO,NO,NO,NO,YES,NO,NO,NO,NO,NO,NO,NO,NO,NO,NO,NO,NO,NO,NO,NO,NO,NO,NO,NO,NO,NO,NO,no,49,EPA049CP1,Isolate,C. jejuni,NA
EPA049CP10,PID-0836-21EPA049CP10__57799,s__Campylobacter_D jejuni,38,no,NO,NO,NO,NO,NO,NO,NO,NO,NO,NO,YES,NO,NO,NO,NO,NO,NO,NO,NO,NO,NO,NO,NO,NO,NO,NO,NO,NO,NO,NO,NO,NO,NO,no,49,EPA049CP10,Isolate,C. jejuni,NA
EPA049CP2,PID-0836-21EPA049CP2__57715,s__Campylobacter_D jejuni,38,no,NO,NO,NO,NO,NO,NO,NO,NO,NO,NO,YES,NO,NO,NO,NO,NO,NO,NO,NO,NO,NO,NO,NO,NO,NO,NO,NO,NO,NO,NO,NO,NO,NO,no,49,EPA049CP2,Isolate,C. jejuni,NA
EPA049CP3,PID-0836-21EPA049CP3__57718,s__Campylobacter_D jejuni,38,no,NO,NO,NO,NO,NO,NO,NO,NO,NO,NO,YES,NO,NO,NO,NO,NO,NO,NO,NO,NO,NO,NO,NO,NO,NO,NO,NO,NO,NO,NO,NO,NO,NO,no,49,21EPA049CP03,Isolate,C. jejuni,38
EPA049CP4,PID-0836-21EPA049CP4__57793,s__Campylobacter_D jejuni,38,no,NO,NO,NO,NO,NO,NO,NO,NO,NO,NO,YES,NO,NO,NO,NO,NO,NO,NO,NO,NO,NO,NO,NO,NO,NO,NO,NO,NO,NO,NO,NO,NO,NO,no,49,EPA049CP4,Isolate,C. jejuni,NA
EPA049CP5,PID-0836-21EPA049CP5__57789,s__Campylobacter_D jejuni,38,no,NO,NO,NO,NO,NO,NO,NO,NO,NO,NO,YES,NO,NO,NO,NO,NO,NO,NO,NO,NO,NO,NO,NO,NO,NO,NO,NO,NO,NO,NO,NO,NO,NO,no,49,EPA049CP5,Isolate,C. jejuni,NA
EPA049CP6,PID-0836-21EPA049CP6__57781,s__Campylobacter_D jejuni,38,no,NO,NO,NO,NO,NO,NO,NO,NO,NO,NO,YES,NO,NO,NO,NO,NO,NO,NO,NO,NO,NO,NO,NO,NO,NO,NO,NO,NO,NO,NO,NO,NO,NO,no,49,EPA049CP6,Isolate,C. jejuni,NA
EPA049CP7,PID-0836-21EPA049CP7__57729,s__Campylobacter_D jejuni,38,no,NO,NO,NO,NO,NO,NO,NO,NO,NO,NO,YES,NO,NO,NO,NO,NO,NO,NO,NO,NO,NO,NO,NO,NO,NO,NO,NO,NO,NO,NO,NO,NO,NO,no,49,EPA049CP7,Isolate,C. jejuni,NA
EPA049CP8,PID-0836-21EPA049CP8__57724,s__Campylobacter_D jejuni,38,no,NO,NO,NO,NO,NO,NO,NO,NO,NO,NO,YES,NO,NO,NO,NO,NO,NO,NO,NO,NO,NO,NO,NO,NO,NO,NO,NO,NO,NO,NO,NO,NO,NO,no,49,EPA049CP8,Isolate,C. jejuni,NA
EPA049CP9,PID-0836-21EPA049CP9__57771,s__Campylobacter_D jejuni,38,no,NO,NO,NO,NO,NO,NO,NO,NO,NO,NO,YES,NO,NO,NO,NO,NO,NO,NO,NO,NO,NO,NO,NO,NO,NO,NO,NO,NO,NO,NO,NO,NO,NO,no,49,EPA049CP9,Isolate,C. jejuni,NA
EPA050CF1,PID-0836-21EPA050CF1__57764,s__Campylobacter_D jejuni,2254,no,NO,NO,NO,YES,NO,NO,YES,NO,NO,NO,NO,YES,NO,NO,NO,NO,NO,NO,NO,YES,NO,NO,NO,NO,NO,NO,NO,NO,NO,NO,NO,NO,YES,no,50,EPA050CF1,Isolate,C. jejuni,NA
EPA050CF10,PID-0836-21EPA050CF10__57747,s__Campylobacter_D jejuni,2254,no,NO,NO,NO,YES,NO,NO,YES,NO,NO,NO,NO,YES,NO,NO,NO,NO,NO,NO,NO,YES,NO,NO,NO,NO,NO,NO,NO,NO,NO,NO,NO,NO,YES,no,50,EPA050CF10,Isolate,C. jejuni,NA
EPA050CF2,PID-0836-21EPA050CF2__57713,s__Campylobacter_D jejuni,2254,no,NO,NO,NO,YES,NO,NO,YES,NO,NO,NO,NO,YES,NO,NO,NO,NO,NO,NO,NO,YES,NO,NO,NO,NO,NO,NO,NO,NO,NO,NO,NO,NO,YES,no,50,EPA050CF2,Isolate,C. jejuni,NA
EPA050CF3,PID-0836-21EPA050CF3__57730,s__Campylobacter_D jejuni,2254,no,NO,NO,NO,YES,NO,NO,YES,NO,NO,NO,NO,YES,NO,NO,NO,NO,NO,NO,NO,YES,NO,NO,NO,NO,NO,NO,NO,NO,NO,NO,NO,NO,YES,no,50,EPA050CF3,Isolate,C. jejuni,NA
EPA050CF4,PID-0836-21EPA050CF4__57752,s__Campylobacter_D jejuni,2254,no,NO,NO,NO,YES,NO,NO,YES,NO,NO,NO,NO,YES,NO,NO,NO,NO,NO,NO,NO,YES,NO,NO,NO,NO,NO,NO,NO,NO,NO,NO,NO,NO,YES,no,50,EPA050CF4,Isolate,C. jejuni,NA
EPA050CF5,PID-0836-21EPA050CF5__57731,s__Campylobacter_D jejuni,2254,no,NO,NO,NO,YES,NO,NO,YES,NO,NO,NO,NO,YES,NO,NO,NO,NO,NO,NO,NO,YES,NO,NO,NO,NO,NO,NO,NO,NO,NO,NO,NO,NO,YES,no,50,EPA050CF5,Isolate,C. jejuni,NA
EPA050CF6,PID-0836-21EPA050CF6__57733,s__Campylobacter_D jejuni,2254,no,NO,NO,NO,YES,NO,NO,YES,NO,NO,NO,NO,YES,NO,NO,NO,NO,NO,NO,NO,YES,NO,NO,NO,NO,NO,NO,NO,NO,NO,NO,NO,NO,YES,no,50,EPA050CF6,Isolate,C. jejuni,NA
EPA050CF7,PID-0836-21EPA050CF7__57743,s__Campylobacter_D jejuni,2254,no,NO,NO,NO,YES,NO,NO,YES,NO,NO,NO,NO,YES,NO,NO,NO,NO,NO,NO,NO,YES,NO,NO,NO,NO,NO,NO,NO,NO,NO,NO,NO,NO,YES,no,50,EPA050CF7,Isolate,C. jejuni,NA
EPA050CF8,PID-0836-21EPA050CF8__57723,s__Campylobacter_D jejuni,2254,no,NO,NO,NO,YES,NO,NO,YES,NO,NO,NO,NO,YES,NO,NO,NO,NO,NO,NO,NO,YES,NO,NO,NO,NO,NO,NO,NO,NO,NO,NO,NO,NO,YES,no,50,EPA050CF8,Isolate,C. jejuni,NA
EPA050CF9,PID-0836-21EPA050CF9__57760,s__Campylobacter_D jejuni,2254,no,NO,NO,NO,YES,NO,NO,YES,NO,NO,NO,NO,YES,NO,NO,NO,NO,NO,NO,NO,YES,NO,NO,NO,NO,NO,NO,NO,NO,NO,NO,NO,NO,YES,no,50,EPA050CF9,Isolate,C. jejuni,NA
EPA050CP1,PID-0836-21EPA050CP1__57727,s__Campylobacter_D jejuni,2254,no,NO,NO,NO,YES,NO,NO,YES,NO,NO,NO,NO,YES,NO,NO,NO,NO,NO,NO,NO,YES,NO,NO,NO,NO,NO,NO,NO,NO,NO,NO,NO,NO,YES,no,50,EPA050CP1,Isolate,C. jejuni,NA
EPA050CP10,PID-0836-21EPA050CP10__57716,s__Campylobacter_D jejuni,2254,no,NO,NO,NO,YES,NO,NO,YES,NO,NO,NO,NO,YES,NO,NO,NO,NO,NO,NO,NO,YES,NO,NO,NO,NO,NO,NO,NO,NO,NO,NO,NO,NO,YES,no,50,EPA050CP10,Isolate,C. jejuni,NA
EPA050CP2,PID-0836-21EPA050CP2__57795,s__Campylobacter_D jejuni,2254,no,NO,NO,NO,YES,NO,NO,YES,NO,NO,NO,NO,YES,NO,NO,NO,NO,NO,NO,NO,YES,NO,NO,NO,NO,NO,NO,NO,NO,NO,NO,NO,NO,YES,no,50,EPA050CP2,Isolate,C. jejuni,NA
EPA050CP3,PID-0836-21EPA050CP3__57798,s__Campylobacter_D jejuni,2254,no,NO,NO,NO,YES,NO,NO,YES,NO,NO,NO,NO,YES,NO,NO,NO,NO,NO,NO,NO,YES,NO,NO,NO,NO,NO,NO,NO,NO,NO,NO,NO,NO,YES,no,50,EPA050CP3,Isolate,C. jejuni,NA
EPA050CP4,PID-0836-21EPA050CP4__57719,s__Campylobacter_D jejuni,2254,no,NO,NO,NO,YES,NO,NO,YES,NO,NO,NO,NO,YES,NO,NO,NO,NO,NO,NO,NO,YES,NO,NO,NO,NO,NO,NO,NO,NO,NO,NO,NO,NO,YES,no,50,EPA050CP4,Isolate,C. jejuni,NA
EPA050CP5,PID-0836-21EPA050CP5__57732,s__Campylobacter_D jejuni,2254,no,NO,NO,NO,YES,NO,NO,YES,NO,NO,NO,NO,YES,NO,NO,NO,NO,NO,NO,NO,YES,NO,NO,NO,NO,NO,NO,NO,NO,NO,NO,NO,NO,YES,no,50,EPA050CP5,Isolate,C. jejuni,NA
EPA050CP6,PID-0836-21EPA050CP6__57725,s__Campylobacter_D jejuni,2254,no,NO,NO,NO,YES,NO,NO,YES,NO,NO,NO,NO,YES,NO,NO,NO,NO,NO,NO,NO,YES,NO,NO,NO,NO,NO,NO,NO,NO,NO,NO,NO,NO,YES,no,50,EPA050CP6,Isolate,C. jejuni,NA
EPA050CP7,PID-0836-21EPA050CP7__57744,s__Campylobacter_D jejuni,2254,no,NO,NO,NO,YES,NO,NO,YES,NO,NO,NO,NO,YES,NO,NO,NO,NO,NO,NO,NO,YES,NO,NO,NO,NO,NO,NO,NO,NO,NO,NO,NO,NO,YES,no,50,EPA050CP7,Isolate,C. jejuni,NA
EPA050CP8,PID-0836-21EPA050CP8__57792,s__Campylobacter_D jejuni,2254,no,NO,NO,NO,YES,NO,NO,YES,NO,NO,NO,NO,YES,NO,NO,NO,NO,NO,NO,NO,YES,NO,NO,NO,NO,NO,NO,NO,NO,NO,NO,NO,NO,YES,no,50,EPA050CP8,Isolate,C. jejuni,NA
EPA050CP9,PID-0836-21EPA050CP9__57801,s__Campylobacter_D jejuni,2254,no,NO,NO,NO,YES,NO,NO,YES,NO,NO,NO,NO,YES,NO,NO,NO,NO,NO,NO,NO,YES,NO,NO,NO,NO,NO,NO,NO,NO,NO,NO,NO,NO,YES,no,50,EPA050CP9,Isolate,C. jejuni,NA
EPA077CP1,PID-1291-22EPA077CP1__76358,s__Campylobacter_D jejuni,464,no,YES,NO,NO,YES,NO,NO,YES,NO,NO,NO,YES,NO,NO,NO,NO,NO,NO,NO,NO,YES,NO,NO,NO,NO,NO,NO,NO,NO,NO,NO,NO,NO,YES,no,77,EPA077CP1,Isolate,C. jejuni,NA
EPA077CP10,PID-1291-22EPA077CP10__76364,s__Campylobacter_D jejuni,464,no,YES,NO,NO,YES,NO,NO,YES,NO,NO,NO,YES,NO,NO,NO,NO,NO,NO,NO,NO,YES,NO,NO,NO,NO,NO,NO,NO,NO,NO,NO,NO,NO,YES,no,77,22EPA077CP10,Isolate,C. jejuni,464
EPA077CP2,PID-1291-22EPA077CP2__76363,s__Campylobacter_D jejuni,464,no,YES,NO,NO,YES,NO,NO,YES,NO,NO,NO,YES,NO,NO,NO,NO,NO,NO,NO,NO,YES,NO,NO,NO,NO,NO,NO,NO,NO,NO,NO,NO,NO,YES,no,77,EPA077CP2,Isolate,C. jejuni,NA
EPA077CP3,PID-1291-22EPA077CP3__76359,s__Campylobacter_D jejuni,464,no,YES,NO,NO,YES,NO,NO,YES,NO,NO,NO,YES,NO,NO,NO,NO,NO,NO,NO,NO,YES,NO,NO,NO,NO,NO,NO,NO,NO,NO,NO,NO,NO,YES,no,77,EPA077CP3,Isolate,C. jejuni,NA
EPA077CP4,PID-1291-22EPA077CP4__76362,s__Campylobacter_D jejuni,464,no,YES,NO,NO,YES,NO,NO,YES,NO,NO,NO,YES,NO,NO,NO,NO,NO,NO,NO,NO,YES,NO,NO,NO,NO,NO,NO,NO,NO,NO,NO,NO,NO,YES,no,77,EPA077CP4,Isolate,C. jejuni,NA
EPA077CP5,PID-1291-22EPA077CP5__76360,s__Campylobacter_D jejuni,464,no,YES,NO,NO,YES,NO,NO,YES,NO,NO,NO,YES,NO,NO,NO,NO,NO,NO,NO,NO,YES,NO,NO,NO,NO,NO,NO,NO,NO,NO,NO,NO,NO,YES,no,77,EPA077CP5,Isolate,C. jejuni,NA
EPA077CP6,PID-1291-22EPA077CP6__76367,s__Campylobacter_D jejuni,464,no,YES,NO,NO,YES,NO,NO,YES,NO,NO,NO,YES,NO,NO,NO,NO,NO,NO,NO,NO,YES,NO,NO,NO,NO,NO,NO,NO,NO,NO,NO,NO,NO,YES,no,77,EPA077CP6,Isolate,C. jejuni,NA
EPA077CP7,PID-1291-22EPA077CP7__76361,s__Campylobacter_D jejuni,464,no,YES,NO,NO,YES,NO,NO,YES,NO,NO,NO,YES,NO,NO,NO,NO,NO,NO,NO,NO,NO,NO,NO,NO,NO,NO,NO,NO,NO,NO,NO,NO,NO,YES,no,77,EPA077CP7,Isolate,C. jejuni,NA
EPA077CP8,PID-1291-22EPA077CP8__76366,s__Campylobacter_D jejuni,464,no,YES,NO,NO,YES,NO,NO,YES,NO,NO,NO,YES,NO,NO,NO,NO,NO,NO,NO,NO,YES,NO,NO,NO,NO,NO,NO,NO,NO,NO,NO,NO,NO,YES,no,77,EPA077CP8,Isolate,C. jejuni,NA
EPA077CP9,PID-1291-22EPA077CP9__76365,s__Campylobacter_D jejuni,464,no,YES,NO,NO,YES,NO,NO,YES,NO,NO,NO,YES,NO,NO,NO,NO,NO,NO,NO,NO,YES,NO,NO,NO,NO,NO,NO,NO,NO,NO,NO,NO,NO,YES,no,77,22EPA077CP09,Isolate,C. jejuni,464
EPA078CP1,PID-1108-22EPA078CP1__67554,s__Campylobacter_D jejuni,137,no,NO,NO,NO,NO,NO,NO,NO,NO,NO,NO,YES,NO,NO,NO,NO,NO,NO,NO,NO,NO,NO,NO,NO,NO,NO,NO,NO,NO,NO,NO,NO,NO,NO,no,78,EPA078CP1,Isolate,C. jejuni,NA
EPA078CP10,PID-1108-22EPA078CP10__67553,s__Campylobacter_D jejuni,137,no,NO,NO,NO,NO,NO,NO,NO,NO,NO,NO,YES,NO,NO,NO,NO,NO,NO,NO,NO,NO,NO,NO,NO,NO,NO,NO,NO,NO,NO,NO,NO,NO,NO,no,78,EPA078CP10,Isolate,C. jejuni,NA
EPA078CP11,PID-1108-22EPA078CP11__67508,s__Campylobacter_D jejuni,137,no,NO,NO,NO,NO,NO,NO,NO,NO,NO,NO,YES,NO,NO,NO,NO,NO,NO,NO,NO,NO,NO,NO,NO,NO,NO,NO,NO,NO,NO,NO,NO,NO,NO,no,78,EPA078CP11,Isolate,C. jejuni,NA
EPA078CP12,PID-1108-22EPA078CP12__67526,s__Campylobacter_D jejuni,137,no,NO,NO,NO,NO,NO,NO,NO,NO,NO,NO,YES,NO,NO,NO,NO,NO,NO,NO,NO,NO,NO,NO,NO,NO,NO,NO,NO,NO,NO,NO,NO,NO,NO,no,78,EPA078CP12,Isolate,C. jejuni,NA
EPA078CP13,PID-1108-22EPA078CP13__67534,s__Campylobacter_D jejuni,137,no,NO,NO,NO,NO,NO,NO,NO,NO,NO,NO,YES,NO,NO,NO,NO,NO,NO,NO,NO,NO,NO,NO,NO,NO,NO,NO,NO,NO,NO,NO,NO,NO,NO,no,78,EPA078CP13,Isolate,C. jejuni,NA
EPA078CP14,PID-1108-22EPA078CP14__67515,s__Campylobacter_D jejuni,137,no,NO,NO,NO,NO,NO,NO,NO,NO,NO,NO,YES,NO,NO,NO,NO,NO,NO,NO,NO,NO,NO,NO,NO,NO,NO,NO,NO,NO,NO,NO,NO,NO,NO,no,78,EPA078CP14,Isolate,C. jejuni,NA
EPA078CP15,PID-1108-22EPA078CP15__67552,s__Campylobacter_D jejuni,137,no,NO,NO,NO,NO,NO,NO,NO,NO,NO,NO,YES,NO,NO,NO,NO,NO,NO,NO,NO,NO,NO,NO,NO,NO,NO,NO,NO,NO,NO,NO,NO,NO,NO,no,78,EPA078CP15,Isolate,C. jejuni,NA
EPA078CP16,PID-1108-22EPA078CP16__67509,s__Campylobacter_D jejuni,137,no,NO,NO,NO,NO,NO,NO,NO,NO,NO,NO,YES,NO,NO,NO,NO,NO,NO,NO,NO,NO,NO,NO,NO,NO,NO,NO,NO,NO,NO,NO,NO,NO,NO,no,78,EPA078CP16,Isolate,C. jejuni,NA
EPA078CP17,PID-1108-22EPA078CP17__67522,s__Campylobacter_D jejuni,137,no,NO,NO,NO,NO,NO,NO,NO,NO,NO,NO,YES,NO,NO,NO,NO,NO,NO,NO,NO,NO,NO,NO,NO,NO,NO,NO,NO,NO,NO,NO,NO,NO,NO,no,78,EPA078CP17,Isolate,C. jejuni,NA
EPA078CP18,PID-1108-22EPA078CP18__67542,s__Campylobacter_D jejuni,137,no,NO,NO,NO,NO,NO,NO,NO,NO,NO,NO,YES,NO,NO,NO,NO,NO,NO,NO,NO,NO,NO,NO,NO,NO,NO,NO,NO,NO,NO,NO,NO,NO,NO,no,78,EPA078CP18,Isolate,C. jejuni,NA
EPA078CP19,PID-1108-22EPA078CP19__67525,s__Campylobacter_D jejuni,137,no,NO,NO,NO,NO,NO,NO,NO,NO,NO,NO,YES,NO,NO,NO,NO,NO,NO,NO,NO,NO,NO,NO,NO,NO,NO,NO,NO,NO,NO,NO,NO,NO,NO,no,78,EPA078CP19,Isolate,C. jejuni,NA
EPA078CP2,PID-1108-22EPA078CP2__67556,s__Campylobacter_D jejuni,137,no,NO,NO,NO,NO,NO,NO,NO,NO,NO,NO,YES,NO,NO,NO,NO,NO,NO,NO,NO,NO,NO,NO,NO,NO,NO,NO,NO,NO,NO,NO,NO,NO,NO,no,78,EPA078CP2,Isolate,C. jejuni,NA
EPA078CP3,PID-1108-22EPA078CP3__67535,s__Campylobacter_D jejuni,137,no,NO,NO,NO,NO,NO,NO,NO,NO,NO,NO,YES,NO,NO,NO,NO,NO,NO,NO,NO,NO,NO,NO,NO,NO,NO,NO,NO,NO,NO,NO,NO,NO,NO,no,78,EPA078CP3,Isolate,C. jejuni,NA
EPA078CP4,PID-1108-22EPA078CP4__67555,s__Campylobacter_D jejuni,137,no,NO,NO,NO,NO,NO,NO,NO,NO,NO,NO,YES,NO,NO,NO,NO,NO,NO,NO,NO,NO,NO,NO,NO,NO,NO,NO,NO,NO,NO,NO,NO,NO,NO,no,78,EPA078CP4,Isolate,C. jejuni,NA
EPA078CP5,PID-1108-22EPA078CP5__67539,s__Campylobacter_D jejuni,137,no,NO,NO,NO,NO,NO,NO,NO,NO,NO,NO,YES,NO,NO,NO,NO,NO,NO,NO,NO,NO,NO,NO,NO,NO,NO,NO,NO,NO,NO,NO,NO,NO,NO,no,78,EPA078CP5,Isolate,C. jejuni,NA
EPA078CP6,PID-1108-22EPA078CP6__67533,s__Campylobacter_D jejuni,137,no,NO,NO,NO,NO,NO,NO,NO,NO,NO,NO,YES,NO,NO,NO,NO,NO,NO,NO,NO,NO,NO,NO,NO,NO,NO,NO,NO,NO,NO,NO,NO,NO,NO,no,78,EPA078CP6,Isolate,C. jejuni,NA
EPA078CP7,PID-1108-22EPA078CP7__67518,s__Campylobacter_D jejuni,137,no,NO,NO,NO,NO,NO,NO,NO,NO,NO,NO,YES,NO,NO,NO,NO,NO,NO,NO,NO,NO,NO,NO,NO,NO,NO,NO,NO,NO,NO,NO,NO,NO,NO,no,78,EPA078CP7,Isolate,C. jejuni,NA
EPA078CP8,PID-1108-22EPA078CP8__67538,s__Campylobacter_D jejuni,137,no,NO,NO,NO,NO,NO,NO,NO,NO,NO,NO,YES,NO,NO,NO,NO,NO,NO,NO,NO,NO,NO,NO,NO,NO,NO,NO,NO,NO,NO,NO,NO,NO,NO,no,78,22EPA078CP08,Isolate,C. jejuni,137
EPA078CP9,PID-1108-22EPA078CP9__67528,s__Campylobacter_D jejuni,137,no,NO,NO,NO,NO,NO,NO,NO,NO,NO,NO,YES,NO,NO,NO,NO,NO,NO,NO,NO,NO,NO,NO,NO,NO,NO,NO,NO,NO,NO,NO,NO,NO,NO,no,78,EPA078CP9,Isolate,C. jejuni,NA
EPA079CP1,PID-1108-22EPA079CP1__67517,s__Campylobacter_D jejuni,50,no,NO,NO,NO,NO,NO,NO,YES,NO,NO,NO,YES,NO,NO,NO,NO,NO,NO,NO,NO,NO,NO,NO,NO,NO,NO,NO,NO,NO,NO,NO,NO,NO,NO,no,79,EPA079CP1,Isolate,C. jejuni,NA
EPA079CP10,PID-1108-22EPA079CP10__67532,s__Campylobacter_D jejuni,50,no,NO,NO,NO,NO,NO,NO,YES,NO,NO,NO,YES,NO,NO,NO,NO,NO,NO,NO,NO,NO,NO,NO,NO,NO,NO,NO,NO,NO,NO,NO,NO,NO,NO,no,79,EPA079CP10,Isolate,C. jejuni,NA
EPA079CP11,PID-1108-22EPA079CP11__67557,s__Campylobacter_D jejuni,50,no,NO,NO,NO,NO,NO,NO,YES,NO,NO,NO,YES,NO,NO,NO,NO,NO,NO,NO,NO,NO,NO,NO,NO,NO,NO,NO,NO,NO,NO,NO,NO,NO,NO,no,79,EPA079CP11,Isolate,C. jejuni,NA
EPA079CP12,PID-1108-22EPA079CP12__67549,s__Campylobacter_D jejuni,50,no,NO,NO,NO,NO,NO,NO,YES,NO,NO,NO,YES,NO,NO,NO,NO,NO,NO,NO,NO,NO,NO,NO,NO,NO,NO,NO,NO,NO,NO,NO,NO,NO,NO,no,79,EPA079CP12,Isolate,C. jejuni,NA
EPA079CP13,PID-1108-22EPA079CP13__67547,s__Campylobacter_D jejuni,50,no,NO,NO,NO,NO,NO,NO,YES,NO,NO,NO,YES,NO,NO,NO,NO,NO,NO,NO,NO,NO,NO,NO,NO,NO,NO,NO,NO,NO,NO,NO,NO,NO,NO,no,79,EPA079CP13,Isolate,C. jejuni,NA
EPA079CP14,PID-1108-22EPA079CP14__67544,s__Campylobacter_D jejuni,50,no,NO,NO,NO,NO,NO,NO,YES,NO,NO,NO,YES,NO,NO,NO,NO,NO,NO,NO,NO,NO,NO,NO,NO,NO,NO,NO,NO,NO,NO,NO,NO,NO,NO,no,79,EPA079CP14,Isolate,C. jejuni,NA
EPA079CP15,PID-1108-22EPA079CP15__67519,s__Campylobacter_D jejuni,50,no,NO,NO,NO,NO,NO,NO,YES,NO,NO,NO,YES,NO,NO,NO,NO,NO,NO,NO,NO,NO,NO,NO,NO,NO,NO,NO,NO,NO,NO,NO,NO,NO,NO,no,79,EPA079CP15,Isolate,C. jejuni,NA
EPA079CP16,PID-1108-22EPA079CP16__67510,s__Campylobacter_D jejuni,50,no,NO,NO,NO,NO,NO,NO,YES,NO,NO,NO,YES,NO,NO,NO,NO,NO,NO,NO,NO,NO,NO,NO,NO,NO,NO,NO,NO,NO,NO,NO,NO,NO,NO,no,79,22EPA079CP16,Isolate,C. jejuni,50
EPA079CP17,PID-1108-22EPA079CP17__67537,s__Campylobacter_D jejuni,50,no,NO,NO,NO,NO,NO,NO,YES,NO,NO,NO,YES,NO,NO,NO,NO,NO,NO,NO,NO,NO,NO,NO,NO,NO,NO,NO,NO,NO,NO,NO,NO,NO,NO,no,79,EPA079CP17,Isolate,C. jejuni,NA
EPA079CP18,PID-1108-22EPA079CP18__67551,s__Campylobacter_D jejuni,50,no,NO,NO,NO,NO,NO,NO,YES,NO,NO,NO,YES,NO,NO,NO,NO,NO,NO,NO,NO,NO,NO,NO,NO,NO,NO,NO,NO,NO,NO,NO,NO,NO,NO,no,79,EPA079CP18,Isolate,C. jejuni,NA
EPA079CP19,PID-1108-22EPA079CP19__67513,s__Campylobacter_D jejuni,50,no,NO,NO,NO,NO,NO,NO,YES,NO,NO,NO,YES,NO,NO,NO,NO,NO,NO,NO,NO,NO,NO,NO,NO,NO,NO,NO,NO,NO,NO,NO,NO,NO,NO,no,79,EPA079CP19,Isolate,C. jejuni,NA
EPA079CP2,PID-1108-22EPA079CP2__67543,s__Campylobacter_D jejuni,50,no,NO,NO,NO,NO,NO,NO,YES,NO,NO,NO,YES,NO,NO,NO,NO,NO,NO,NO,NO,NO,NO,NO,NO,NO,NO,NO,NO,NO,NO,NO,NO,NO,NO,no,79,EPA079CP2,Isolate,C. jejuni,NA
EPA079CP20,PID-1108-22EPA079CP20__67520,s__Campylobacter_D jejuni,50,no,NO,NO,NO,NO,NO,NO,YES,NO,NO,NO,YES,NO,NO,NO,NO,NO,NO,NO,NO,NO,NO,NO,NO,NO,NO,NO,NO,NO,NO,NO,NO,NO,NO,no,79,22EPA079CP20,Isolate,C. jejuni,50
EPA079CP3,PID-1108-22EPA079CP3__67531,s__Campylobacter_D jejuni,50,no,NO,NO,NO,NO,NO,NO,YES,NO,NO,NO,YES,NO,NO,NO,NO,NO,NO,NO,NO,NO,NO,NO,NO,NO,NO,NO,NO,NO,NO,NO,NO,NO,NO,no,79,EPA079CP3,Isolate,C. jejuni,NA
EPA079CP4,PID-1108-22EPA079CP4__67523,s__Campylobacter_D jejuni,50,no,NO,NO,NO,NO,NO,NO,YES,NO,NO,NO,YES,NO,NO,NO,NO,NO,NO,NO,NO,NO,NO,NO,NO,NO,NO,NO,NO,NO,NO,NO,NO,NO,NO,no,79,EPA079CP4,Isolate,C. jejuni,NA
EPA079CP5,PID-1108-22EPA079CP5__67546,s__Campylobacter_D jejuni,50,no,NO,NO,NO,NO,NO,NO,YES,NO,NO,NO,YES,NO,NO,NO,NO,NO,NO,NO,NO,NO,NO,NO,NO,NO,NO,NO,NO,NO,NO,NO,NO,NO,NO,no,79,EPA079CP5,Isolate,C. jejuni,NA
EPA079CP6,PID-1108-22EPA079CP6__67524,s__Campylobacter_D jejuni,50,no,NO,NO,NO,NO,NO,NO,YES,NO,NO,NO,YES,NO,NO,NO,NO,NO,NO,NO,NO,NO,NO,NO,NO,NO,NO,NO,NO,NO,NO,NO,NO,NO,NO,no,79,EPA079CP6,Isolate,C. jejuni,NA
EPA079CP7,PID-1108-22EPA079CP7__67514,s__Campylobacter_D jejuni,50,no,NO,NO,NO,NO,NO,NO,YES,NO,NO,NO,YES,NO,NO,NO,NO,NO,NO,NO,NO,NO,NO,NO,NO,NO,NO,NO,NO,NO,NO,NO,NO,NO,NO,no,79,EPA079CP7,Isolate,C. jejuni,NA
EPA079CP8,PID-1108-22EPA079CP8__67541,s__Campylobacter_D jejuni,50,no,NO,NO,NO,NO,NO,NO,YES,NO,NO,NO,YES,NO,NO,NO,NO,NO,NO,NO,NO,NO,NO,NO,NO,NO,NO,NO,NO,NO,NO,NO,NO,NO,NO,no,79,22EPA079CP08,Isolate,C. jejuni,50
EPA079CP9,PID-1108-22EPA079CP9__67529,s__Campylobacter_D jejuni,50,no,NO,NO,NO,NO,NO,NO,YES,NO,NO,NO,YES,NO,NO,NO,NO,NO,NO,NO,NO,NO,NO,NO,NO,NO,NO,NO,NO,NO,NO,NO,NO,NO,NO,no,79,EPA079CP9,Isolate,C. jejuni,NA
EPA080CP1,PID-1250-22EPA080CP1__74221,s__Campylobacter_D jejuni,441,no,NO,NO,NO,NO,NO,NO,NO,NO,NO,NO,YES,NO,NO,NO,NO,NO,NO,NO,YES,YES,NO,NO,NO,NO,NO,NO,NO,NO,NO,NO,NO,NO,NO,no,80,EPA080CP1,Isolate,C. jejuni,NA
EPA080CP10,PID-1250-22EPA080CP10__74247,s__Campylobacter_D jejuni,441,no,NO,NO,NO,NO,NO,NO,NO,NO,NO,NO,YES,NO,NO,NO,NO,NO,NO,NO,YES,YES,NO,NO,NO,NO,NO,NO,NO,NO,NO,NO,NO,NO,NO,no,80,EPA080CP10,Isolate,C. jejuni,NA
EPA080CP11,PID-1250-22EPA080CP11__74230,s__Campylobacter_D jejuni,441,no,NO,NO,NO,NO,NO,NO,NO,NO,NO,NO,YES,NO,NO,NO,NO,NO,NO,NO,YES,YES,NO,NO,NO,NO,NO,NO,NO,NO,NO,NO,NO,NO,NO,no,80,EPA080CP11,Isolate,C. jejuni,NA
EPA080CP12,PID-1250-22EPA080CP12__74236,s__Campylobacter_D jejuni,441,no,NO,NO,NO,NO,NO,NO,NO,NO,NO,NO,YES,NO,NO,NO,NO,NO,NO,NO,YES,YES,NO,NO,NO,NO,NO,NO,NO,NO,NO,NO,NO,NO,NO,no,80,EPA080CP12,Isolate,C. jejuni,NA
EPA080CP13,PID-1250-22EPA080CP13__74231,s__Campylobacter_D jejuni,441,no,NO,NO,NO,NO,NO,NO,NO,NO,NO,NO,YES,NO,NO,NO,NO,NO,NO,NO,YES,YES,NO,NO,NO,NO,NO,NO,NO,NO,NO,NO,NO,NO,NO,no,80,EPA080CP13,Isolate,C. jejuni,NA
EPA080CP14,PID-1250-22EPA080CP14__74245,s__Campylobacter_D jejuni,441,no,NO,NO,NO,NO,NO,NO,NO,NO,NO,NO,YES,NO,NO,NO,NO,NO,NO,NO,YES,YES,NO,NO,NO,NO,NO,NO,NO,NO,NO,NO,NO,NO,NO,no,80,EPA080CP14,Isolate,C. jejuni,NA
EPA080CP15,PID-1250-22EPA080CP15__74225,s__Campylobacter_D jejuni,441,no,NO,NO,NO,NO,NO,NO,NO,NO,NO,NO,YES,NO,NO,NO,NO,NO,NO,NO,YES,YES,NO,NO,NO,NO,NO,NO,NO,NO,NO,NO,NO,NO,NO,no,80,EPA080CP15,Isolate,C. jejuni,NA
EPA080CP16,PID-1250-22EPA080CP16__74227,s__Campylobacter_D jejuni,441,no,NO,NO,NO,NO,NO,NO,NO,NO,NO,NO,YES,NO,NO,NO,NO,NO,NO,NO,YES,YES,NO,NO,NO,NO,NO,NO,NO,NO,NO,NO,NO,NO,NO,no,80,EPA080CP16,Isolate,C. jejuni,NA
EPA080CP17,PID-1250-22EPA080CP17__74233,s__Campylobacter_D jejuni,441,no,NO,NO,NO,NO,NO,NO,NO,NO,NO,NO,YES,NO,NO,NO,NO,NO,NO,NO,YES,YES,NO,NO,NO,NO,NO,NO,NO,NO,NO,NO,NO,NO,NO,no,80,EPA080CP17,Isolate,C. jejuni,NA
EPA080CP18,PID-1250-22EPA080CP18__74220,s__Campylobacter_D jejuni,441,no,NO,NO,NO,NO,NO,NO,NO,NO,NO,NO,YES,NO,NO,NO,NO,NO,NO,NO,YES,YES,NO,NO,NO,NO,NO,NO,NO,NO,NO,NO,NO,NO,NO,no,80,EPA080CP18,Isolate,C. jejuni,NA
EPA080CP19,PID-1250-22EPA080CP19__74250,s__Campylobacter_D jejuni,441,no,NO,NO,NO,NO,NO,NO,NO,NO,NO,NO,YES,NO,NO,NO,NO,NO,NO,NO,YES,YES,NO,NO,NO,NO,NO,NO,NO,NO,NO,NO,NO,NO,NO,no,80,EPA080CP19,Isolate,C. jejuni,NA
EPA080CP2,PID-1250-22EPA080CP2__74219,s__Campylobacter_D jejuni,441,no,NO,NO,NO,NO,NO,NO,NO,NO,NO,NO,YES,NO,NO,NO,NO,NO,NO,NO,YES,YES,NO,NO,NO,NO,NO,NO,NO,NO,NO,NO,NO,NO,NO,no,80,EPA080CP2,Isolate,C. jejuni,NA
EPA080CP3,PID-1250-22EPA080CP3__74213,s__Campylobacter_D jejuni,441,no,NO,NO,NO,NO,NO,NO,NO,NO,NO,NO,YES,NO,NO,NO,NO,NO,NO,NO,YES,YES,NO,NO,NO,NO,NO,NO,NO,NO,NO,NO,NO,NO,NO,no,80,EPA080CP3,Isolate,C. jejuni,NA
EPA080CP4,PID-1250-22EPA080CP4__74218,s__Campylobacter_D jejuni,441,no,NO,NO,NO,NO,NO,NO,NO,NO,NO,NO,YES,NO,NO,NO,NO,NO,NO,NO,YES,YES,NO,NO,NO,NO,NO,NO,NO,NO,NO,NO,NO,NO,NO,no,80,EPA080CP4,Isolate,C. jejuni,NA
EPA080CP5,PID-1250-22EPA080CP5__74249,s__Campylobacter_D jejuni,441,no,NO,NO,NO,NO,NO,NO,NO,NO,NO,NO,YES,NO,NO,NO,NO,NO,NO,NO,YES,YES,NO,NO,NO,NO,NO,NO,NO,NO,NO,NO,NO,NO,NO,no,80,22EPA080CP05,Isolate,C. jejuni,441
EPA080CP6,PID-1250-22EPA080CP6__74241,s__Campylobacter_D jejuni,441,no,NO,NO,NO,NO,NO,NO,NO,NO,NO,NO,YES,NO,NO,NO,NO,NO,NO,NO,YES,YES,NO,NO,NO,NO,NO,NO,NO,NO,NO,NO,NO,NO,NO,no,80,EPA080CP6,Isolate,C. jejuni,NA
EPA080CP7,PID-1250-22EPA080CP7__74224,s__Campylobacter_D jejuni,441,no,NO,NO,NO,NO,NO,NO,NO,NO,NO,NO,YES,NO,NO,NO,NO,NO,NO,NO,YES,YES,NO,NO,NO,NO,NO,NO,NO,NO,NO,NO,NO,NO,NO,no,80,EPA080CP7,Isolate,C. jejuni,NA
EPA080CP8,PID-1250-22EPA080CP8__74234,s__Campylobacter_D jejuni,441,no,NO,NO,NO,NO,NO,NO,NO,NO,NO,NO,YES,NO,NO,NO,NO,NO,NO,NO,YES,YES,NO,NO,NO,NO,NO,NO,NO,NO,NO,NO,NO,NO,NO,no,80,EPA080CP8,Isolate,C. jejuni,NA
EPA080CP9,PID-1250-22EPA080CP9__74223,s__Campylobacter_D jejuni,441,no,NO,NO,NO,NO,NO,NO,NO,NO,NO,NO,YES,NO,NO,NO,NO,NO,NO,NO,YES,YES,NO,NO,NO,NO,NO,NO,NO,NO,NO,NO,NO,NO,NO,no,80,EPA080CP9,Isolate,C. jejuni,NA
EPA083CP1,PID-1250-22EPA083CP1__74243,s__Campylobacter_D jejuni,6532,no,NO,NO,YES,NO,NO,NO,NO,NO,NO,NO,YES,NO,NO,NO,NO,NO,NO,NO,NO,YES,NO,NO,NO,NO,NO,NO,NO,NO,NO,NO,NO,YES,YES,no,83,EPA083CP1,Isolate,C. jejuni,NA
EPA083CP10,PID-1250-22EPA083CP10__74214,s__Campylobacter_D jejuni,6532,no,NO,NO,YES,NO,NO,NO,NO,NO,NO,NO,YES,NO,NO,NO,NO,NO,NO,NO,NO,YES,NO,NO,NO,NO,NO,NO,NO,NO,NO,NO,NO,YES,YES,no,83,EPA083CP10,Isolate,C. jejuni,NA
EPA083CP11,PID-1250-22EPA083CP11__74232,s__Campylobacter_D jejuni,6532,no,NO,NO,YES,NO,NO,NO,NO,NO,NO,NO,YES,NO,NO,NO,NO,NO,NO,NO,NO,YES,NO,NO,NO,NO,NO,NO,NO,NO,NO,NO,NO,YES,YES,no,83,EPA083CP11,Isolate,C. jejuni,NA
EPA083CP12,PID-1250-22EPA083CP12__74228,s__Campylobacter_D jejuni,6532,no,NO,NO,YES,NO,NO,NO,NO,NO,NO,NO,YES,NO,NO,NO,NO,NO,NO,NO,NO,YES,NO,NO,NO,NO,NO,NO,NO,NO,NO,NO,NO,YES,YES,no,83,EPA083CP12,Isolate,C. jejuni,NA
EPA083CP13,PID-1250-22EPA083CP13__74226,s__Campylobacter_D jejuni,6532,no,NO,NO,YES,NO,NO,NO,NO,NO,NO,NO,YES,NO,NO,NO,NO,NO,NO,NO,NO,YES,NO,NO,NO,NO,NO,NO,NO,NO,NO,NO,NO,YES,YES,no,83,EPA083CP13,Isolate,C. jejuni,NA
EPA083CP14,PID-1250-22EPA083CP14__74216,s__Campylobacter_D jejuni,6532,no,NO,NO,YES,NO,NO,NO,NO,NO,NO,NO,YES,NO,NO,NO,NO,NO,NO,NO,NO,YES,NO,NO,NO,NO,NO,NO,NO,NO,NO,NO,NO,YES,YES,no,83,EPA083CP14,Isolate,C. jejuni,NA
EPA083CP15,PID-1250-22EPA083CP15__74217,s__Campylobacter_D jejuni,6532,no,NO,NO,YES,NO,NO,NO,NO,NO,NO,NO,YES,NO,NO,NO,NO,NO,NO,NO,NO,YES,NO,NO,NO,NO,NO,NO,NO,NO,NO,NO,NO,YES,YES,no,83,EPA083CP15,Isolate,C. jejuni,NA
EPA083CP16,PID-1250-22EPA083CP16__74222,s__Campylobacter_D jejuni,6532,no,NO,NO,YES,NO,NO,NO,NO,NO,NO,NO,YES,NO,NO,NO,NO,NO,NO,NO,NO,YES,NO,NO,NO,NO,NO,NO,NO,NO,NO,NO,NO,YES,YES,no,83,EPA083CP16,Isolate,C. jejuni,NA
EPA083CP17,PID-1250-22EPA083CP17__74240,s__Campylobacter_D jejuni,6532,no,NO,NO,YES,NO,NO,NO,NO,NO,NO,NO,YES,NO,NO,NO,NO,NO,NO,NO,NO,YES,NO,NO,NO,NO,NO,NO,NO,NO,NO,NO,NO,YES,YES,no,83,EPA083CP17,Isolate,C. jejuni,NA
EPA083CP18,PID-1250-22EPA083CP18__74215,s__Campylobacter_D jejuni,6532,no,NO,NO,YES,NO,NO,NO,NO,NO,NO,NO,YES,NO,NO,NO,NO,NO,NO,NO,NO,YES,NO,NO,NO,NO,NO,NO,NO,NO,NO,NO,NO,YES,YES,no,83,EPA083CP18,Isolate,C. jejuni,NA
EPA083CP19,PID-1250-22EPA083CP19__74248,s__Campylobacter_D jejuni,6532,no,NO,NO,YES,NO,NO,NO,NO,NO,NO,NO,YES,NO,NO,NO,NO,NO,NO,NO,NO,YES,NO,NO,NO,NO,NO,NO,NO,NO,NO,NO,NO,YES,YES,no,83,EPA083CP19,Isolate,C. jejuni,NA
EPA083CP2,PID-1250-22EPA083CP2__74229,s__Campylobacter_D jejuni,6532,no,NO,NO,YES,NO,NO,NO,NO,NO,NO,NO,YES,NO,NO,NO,NO,NO,NO,NO,NO,YES,NO,NO,NO,NO,NO,NO,NO,NO,NO,NO,NO,YES,YES,no,83,EPA083CP2,Isolate,C. jejuni,NA
EPA083CP20,PID-1250-22EPA083CP20__74239,s__Campylobacter_D jejuni,6532,no,NO,NO,YES,NO,NO,NO,NO,NO,NO,NO,YES,NO,NO,NO,NO,NO,NO,NO,NO,YES,NO,NO,NO,NO,NO,NO,NO,NO,NO,NO,NO,YES,YES,no,83,EPA083CP20,Isolate,C. jejuni,NA
EPA083CP3,PID-1250-22EPA083CP3__74246,s__Campylobacter_D jejuni,6532,no,NO,NO,YES,NO,NO,NO,NO,NO,NO,NO,YES,NO,NO,NO,NO,NO,NO,NO,NO,YES,NO,NO,NO,NO,NO,NO,NO,NO,NO,NO,NO,YES,YES,no,83,EPA083CP3,Isolate,C. jejuni,NA
EPA083CP4,PID-1250-22EPA083CP4__74235,s__Campylobacter_D jejuni,6532,no,NO,NO,YES,NO,NO,NO,NO,NO,NO,NO,YES,NO,NO,NO,NO,NO,NO,NO,NO,YES,NO,NO,NO,NO,NO,NO,NO,NO,NO,NO,NO,YES,YES,no,83,EPA083CP4,Isolate,C. jejuni,NA
EPA083CP5,PID-1250-22EPA083CP5__74242,s__Campylobacter_D jejuni,6532,no,NO,NO,YES,NO,NO,NO,NO,NO,NO,NO,YES,NO,NO,NO,NO,NO,NO,NO,NO,YES,NO,NO,NO,NO,NO,NO,NO,NO,NO,NO,NO,YES,YES,no,83,EPA083CP5,Isolate,C. jejuni,NA
EPA083CP6,PID-1250-22EPA083CP6__74238,s__Campylobacter_D jejuni,6532,no,NO,NO,YES,NO,NO,NO,NO,NO,NO,NO,YES,NO,NO,NO,NO,NO,NO,NO,NO,YES,NO,NO,NO,NO,NO,NO,NO,NO,NO,NO,NO,YES,YES,no,83,EPA083CP6,Isolate,C. jejuni,NA
EPA083CP7,PID-1250-22EPA083CP7__74244,s__Campylobacter_D jejuni,6532,no,NO,NO,YES,NO,NO,NO,NO,NO,NO,NO,YES,NO,NO,NO,NO,NO,NO,NO,NO,YES,NO,NO,NO,NO,NO,NO,NO,NO,NO,NO,NO,YES,YES,no,83,EPA083CP7,Isolate,C. jejuni,NA
EPA083CP8,PID-1250-22EPA083CP8__74237,s__Campylobacter_D jejuni,6532,no,NO,NO,YES,NO,NO,NO,NO,NO,NO,NO,YES,NO,NO,NO,NO,NO,NO,NO,NO,YES,NO,NO,NO,NO,NO,NO,NO,NO,NO,NO,NO,YES,YES,no,83,22EPA083CP08,Isolate,C. jejuni,6532
EPA083CP9,PID-1250-22EPA083CP9__74251,s__Campylobacter_D jejuni,6532,no,NO,NO,YES,NO,NO,NO,NO,NO,NO,NO,YES,NO,NO,NO,NO,NO,NO,NO,NO,YES,NO,NO,NO,NO,NO,NO,NO,NO,NO,NO,NO,YES,YES,no,83,EPA083CP9,Isolate,C. jejuni,NA
EPA085CP1,PID-1150-22EPA085CP1__69338,s__Campylobacter_D jejuni,48,no,NO,NO,NO,YES,NO,NO,NO,NO,NO,NO,NO,NO,NO,YES,NO,NO,NO,NO,NO,NO,NO,NO,NO,NO,NO,NO,NO,NO,NO,NO,NO,NO,NO,no,85,EPA085CP1,Isolate,C. jejuni,NA
EPA085CP10,PID-1150-22EPA085CP10__69346,s__Campylobacter_D jejuni,21,no,NO,NO,NO,NO,NO,NO,NO,NO,NO,NO,YES,NO,NO,NO,NO,NO,NO,NO,NO,NO,NO,NO,NO,NO,NO,NO,NO,NO,NO,NO,NO,NO,NO,no,85,EPA085CP10,Isolate,C. jejuni,NA
EPA085CP11,PID-1150-22EPA085CP11__69312,s__Campylobacter_D jejuni,21,no,NO,NO,NO,NO,NO,NO,NO,NO,NO,NO,YES,NO,NO,NO,NO,NO,NO,NO,NO,NO,NO,NO,NO,NO,NO,NO,NO,NO,NO,NO,NO,NO,NO,no,85,EPA085CP11,Isolate,C. jejuni,NA
EPA085CP12,PID-1150-22EPA085CP12__69286,s__Campylobacter_D jejuni,48,no,NO,NO,NO,YES,NO,NO,NO,NO,NO,NO,NO,NO,NO,YES,NO,NO,NO,NO,NO,NO,NO,NO,NO,NO,NO,NO,NO,NO,NO,NO,NO,NO,NO,no,85,EPA085CP12,Isolate,C. jejuni,NA
EPA085CP13,PID-1150-22EPA085CP13__69313,s__Campylobacter_D jejuni,21,no,NO,NO,NO,NO,NO,NO,NO,NO,NO,NO,YES,NO,NO,NO,NO,NO,NO,NO,NO,NO,NO,NO,NO,NO,NO,NO,NO,NO,NO,NO,NO,NO,NO,no,85,EPA085CP13,Isolate,C. jejuni,NA
EPA085CP14,PID-1150-22EPA085CP14__69328,s__Campylobacter_D jejuni,21,no,NO,NO,NO,NO,NO,NO,NO,NO,NO,NO,YES,NO,NO,NO,NO,NO,NO,NO,NO,NO,NO,NO,NO,NO,NO,NO,NO,NO,NO,NO,NO,NO,NO,no,85,EPA085CP14,Isolate,C. jejuni,NA
EPA085CP15,PID-1150-22EPA085CP15__69347,s__Campylobacter_D jejuni,21,no,NO,NO,NO,NO,NO,NO,NO,NO,NO,NO,YES,NO,NO,NO,NO,NO,NO,NO,NO,NO,NO,NO,NO,NO,NO,NO,NO,NO,NO,NO,NO,NO,NO,no,85,EPA085CP15,Isolate,C. jejuni,NA
EPA085CP16,PID-1150-22EPA085CP16__69332,s__Campylobacter_D jejuni,48,no,NO,NO,NO,YES,NO,NO,NO,NO,NO,NO,NO,NO,NO,YES,NO,NO,NO,NO,NO,NO,NO,NO,NO,NO,NO,NO,NO,NO,NO,NO,NO,NO,NO,no,85,EPA085CP16,Isolate,C. jejuni,NA
EPA085CP17,PID-1150-22EPA085CP17__69276,s__Campylobacter_D jejuni,48,no,NO,NO,NO,YES,NO,NO,NO,NO,NO,NO,NO,NO,NO,YES,NO,NO,NO,NO,NO,NO,NO,NO,NO,NO,NO,NO,NO,NO,NO,NO,NO,NO,NO,no,85,22EPA085CP17,Isolate,C. jejuni,21
EPA085CP18,PID-1150-22EPA085CP18__69284,s__Campylobacter_D jejuni,48,no,NO,NO,NO,YES,NO,NO,NO,NO,NO,NO,NO,NO,NO,YES,NO,NO,NO,NO,NO,NO,NO,NO,NO,NO,NO,NO,NO,NO,NO,NO,NO,NO,NO,no,85,EPA085CP18,Isolate,C. jejuni,NA
EPA085CP19,PID-1150-22EPA085CP19__69291,s__Campylobacter_D jejuni,21,no,NO,NO,NO,NO,NO,NO,NO,NO,NO,NO,YES,NO,NO,NO,NO,NO,NO,NO,NO,NO,NO,NO,NO,NO,NO,NO,NO,NO,NO,NO,NO,NO,NO,no,85,EPA085CP19,Isolate,C. jejuni,NA
EPA085CP2,PID-1150-22EPA085CP2__69323,s__Campylobacter_D jejuni,21,no,NO,NO,NO,NO,NO,NO,NO,NO,NO,NO,YES,NO,NO,NO,NO,NO,NO,NO,NO,NO,NO,NO,NO,NO,NO,NO,NO,NO,NO,NO,NO,NO,NO,no,85,22EPA085CP02,Isolate,C. jejuni,21
EPA085CP20,PID-1150-22EPA085CP20__69280,s__Campylobacter_D jejuni,48,no,NO,NO,NO,YES,NO,NO,NO,NO,NO,NO,NO,NO,NO,YES,NO,NO,NO,NO,NO,NO,NO,NO,NO,NO,NO,NO,NO,NO,NO,NO,NO,NO,NO,no,85,EPA085CP20,Isolate,C. jejuni,NA
EPA085CP3,PID-1150-22EPA085CP3__69282,s__Campylobacter_D jejuni,48,no,NO,NO,NO,YES,NO,NO,NO,NO,NO,NO,NO,NO,NO,YES,NO,NO,NO,NO,NO,NO,NO,NO,NO,NO,NO,NO,NO,NO,NO,NO,NO,NO,NO,no,85,EPA085CP3,Isolate,C. jejuni,NA
EPA085CP4,PID-1150-22EPA085CP4__69343,s__Campylobacter_D jejuni,21,no,NO,NO,NO,NO,NO,NO,NO,NO,NO,NO,YES,NO,NO,NO,NO,NO,NO,NO,NO,NO,NO,NO,NO,NO,NO,NO,NO,NO,NO,NO,NO,NO,NO,no,85,EPA085CP4,Isolate,C. jejuni,NA
EPA085CP5,PID-1150-22EPA085CP5__69294,s__Campylobacter_D jejuni,21,no,NO,NO,NO,NO,NO,NO,NO,NO,NO,NO,YES,NO,NO,NO,NO,NO,NO,NO,NO,NO,NO,NO,NO,NO,NO,NO,NO,NO,NO,NO,NO,NO,NO,no,85,22EPA085CP05,Isolate,C. jejuni,21
EPA085CP6,PID-1150-22EPA085CP6__69307,s__Campylobacter_D jejuni,21,no,NO,NO,NO,NO,NO,NO,NO,NO,NO,NO,YES,NO,NO,NO,NO,NO,NO,NO,NO,NO,NO,NO,NO,NO,NO,NO,NO,NO,NO,NO,NO,NO,NO,no,85,EPA085CP6,Isolate,C. jejuni,NA
EPA085CP7,PID-1150-22EPA085CP7__69300,s__Campylobacter_D jejuni,21,no,NO,NO,NO,NO,NO,NO,NO,NO,NO,NO,YES,NO,NO,NO,NO,NO,NO,NO,NO,NO,NO,NO,NO,NO,NO,NO,NO,NO,NO,NO,NO,NO,NO,no,85,EPA085CP7,Isolate,C. jejuni,NA
EPA085CP8,PID-1150-22EPA085CP8__69362,s__Campylobacter_D jejuni,48,no,NO,NO,NO,YES,NO,NO,NO,NO,NO,NO,NO,NO,NO,YES,NO,NO,NO,NO,NO,NO,NO,NO,NO,NO,NO,NO,NO,NO,NO,NO,NO,NO,NO,no,85,EPA085CP8,Isolate,C. jejuni,NA
EPA085CP9,PID-1150-22EPA085CP9__69302,s__Campylobacter_D jejuni,48,no,NO,NO,NO,YES,NO,NO,NO,NO,NO,NO,NO,NO,NO,YES,NO,NO,NO,NO,NO,NO,NO,NO,NO,NO,NO,NO,NO,NO,NO,NO,NO,NO,NO,no,85,22EPA085CP09,Isolate,C. jejuni,48
EPA087CP1,PID-1150-22EPA087CP1__69359,s__Campylobacter_D coli,1055,no,NO,NO,NO,YES,NO,NO,NO,NO,NO,NO,NO,NO,NO,NO,NO,NO,NO,NO,NO,NO,NO,NO,NO,NO,NO,NO,NO,NO,NO,NO,NO,NO,YES,no,87,EPA087CP1,Isolate,C. coli,NA
EPA087CP10,PID-1150-22EPA087CP10__69325,s__Campylobacter_D coli,1055,no,NO,NO,NO,YES,NO,NO,NO,NO,NO,NO,NO,NO,NO,NO,NO,NO,NO,NO,NO,NO,NO,NO,NO,NO,NO,NO,NO,NO,NO,NO,NO,NO,YES,no,87,EPA087CP10,Isolate,C. coli,NA
EPA087CP11,PID-1150-22EPA087CP11__69335,s__Campylobacter_D coli,1055,no,NO,NO,NO,YES,NO,NO,NO,NO,NO,NO,NO,NO,NO,NO,NO,NO,NO,NO,NO,NO,NO,NO,NO,NO,NO,NO,NO,NO,NO,NO,NO,NO,YES,no,87,EPA087CP11,Isolate,C. coli,NA
EPA087CP12,PID-1150-22EPA087CP12__69354,s__Campylobacter_D coli,1055,no,NO,NO,NO,YES,NO,NO,NO,NO,NO,NO,NO,NO,NO,NO,NO,NO,NO,NO,NO,NO,NO,NO,NO,NO,NO,NO,NO,NO,NO,NO,NO,NO,YES,no,87,EPA087CP12,Isolate,C. coli,NA
EPA087CP13,PID-1150-22EPA087CP13__69285,s__Campylobacter_D coli,1055,no,NO,NO,NO,YES,NO,NO,NO,NO,NO,NO,NO,NO,NO,NO,NO,NO,NO,NO,NO,NO,NO,NO,NO,NO,NO,NO,NO,NO,NO,NO,NO,NO,YES,no,87,EPA087CP13,Isolate,C. coli,NA
EPA087CP14,PID-1150-22EPA087CP14__69352,s__Campylobacter_D coli,1055,no,NO,NO,NO,YES,NO,NO,NO,NO,NO,NO,NO,NO,NO,NO,NO,NO,NO,NO,NO,NO,NO,NO,NO,NO,NO,NO,NO,NO,NO,NO,NO,NO,YES,no,87,EPA087CP14,Isolate,C. coli,NA
EPA087CP15,PID-1150-22EPA087CP15__69288,s__Campylobacter_D coli,1055,no,NO,NO,NO,YES,NO,NO,NO,NO,NO,NO,NO,NO,NO,NO,NO,NO,NO,NO,NO,NO,NO,NO,NO,NO,NO,NO,NO,NO,NO,NO,NO,NO,YES,no,87,EPA087CP15,Isolate,C. coli,NA
EPA087CP16,PID-1150-22EPA087CP16__69306,s__Campylobacter_D coli,1055,no,NO,NO,NO,YES,NO,NO,NO,NO,NO,NO,NO,NO,NO,NO,NO,NO,NO,NO,NO,NO,NO,NO,NO,NO,NO,NO,NO,NO,NO,NO,NO,NO,YES,no,87,EPA087CP16,Isolate,C. coli,NA
EPA087CP17,PID-1150-22EPA087CP17__69337,s__Campylobacter_D coli,1055,no,NO,NO,NO,YES,NO,NO,NO,NO,NO,NO,NO,NO,NO,NO,NO,NO,NO,NO,NO,NO,NO,NO,NO,NO,NO,NO,NO,NO,NO,NO,NO,NO,YES,no,87,EPA087CP17,Isolate,C. coli,NA
EPA087CP18,PID-1150-22EPA087CP18__69333,s__Campylobacter_D coli,1055,no,NO,NO,NO,YES,NO,NO,NO,NO,NO,NO,NO,NO,NO,NO,NO,NO,NO,NO,NO,NO,NO,NO,NO,NO,NO,NO,NO,NO,NO,NO,NO,NO,YES,no,87,EPA087CP18,Isolate,C. coli,NA
EPA087CP2,PID-1150-22EPA087CP2__69319,s__Campylobacter_D coli,1055,no,NO,NO,NO,YES,NO,NO,NO,NO,NO,NO,NO,NO,NO,NO,NO,NO,NO,NO,NO,NO,NO,NO,NO,NO,NO,NO,NO,NO,NO,NO,NO,NO,YES,no,87,EPA087CP2,Isolate,C. coli,NA
EPA087CP3,PID-1150-22EPA087CP3__69273,s__Campylobacter_D coli,1055,no,NO,NO,NO,YES,NO,NO,NO,NO,NO,NO,NO,NO,NO,NO,NO,NO,NO,NO,NO,NO,NO,NO,NO,NO,NO,NO,NO,NO,NO,NO,NO,NO,YES,no,87,EPA087CP3,Isolate,C. coli,NA
EPA087CP4,PID-1150-22EPA087CP4__69281,s__Campylobacter_D coli,1055,no,NO,NO,NO,YES,NO,NO,NO,NO,NO,NO,NO,NO,NO,NO,NO,NO,NO,NO,NO,NO,NO,NO,NO,NO,NO,NO,NO,NO,NO,NO,NO,NO,YES,no,87,22EPA087CP04,Isolate,C. coli,1055
EPA087CP5,PID-1150-22EPA087CP5__69344,s__Campylobacter_D coli,1055,no,NO,NO,NO,YES,NO,NO,NO,NO,NO,NO,NO,NO,NO,NO,NO,NO,NO,NO,NO,NO,NO,NO,NO,NO,NO,NO,NO,NO,NO,NO,NO,NO,YES,no,87,EPA087CP5,Isolate,C. coli,NA
EPA087CP6,PID-1150-22EPA087CP6__69316,s__Campylobacter_D coli,1055,no,NO,NO,NO,YES,NO,NO,NO,NO,NO,NO,NO,NO,NO,NO,NO,NO,NO,NO,NO,NO,NO,NO,NO,NO,NO,NO,NO,NO,NO,NO,NO,NO,YES,no,87,22EPA087CP06,Isolate,C. coli,1055
EPA087CP7,PID-1150-22EPA087CP7__69356,s__Campylobacter_D coli,1055,no,NO,NO,NO,YES,NO,NO,NO,NO,NO,NO,NO,NO,NO,NO,NO,NO,NO,NO,NO,NO,NO,NO,NO,NO,NO,NO,NO,NO,NO,NO,NO,NO,YES,no,87,EPA087CP7,Isolate,C. coli,NA
EPA087CP8,PID-1150-22EPA087CP8__69310,s__Campylobacter_D coli,1055,no,NO,NO,NO,YES,NO,NO,NO,NO,NO,NO,NO,NO,NO,NO,NO,NO,NO,NO,NO,NO,NO,NO,NO,NO,NO,NO,NO,NO,NO,NO,NO,NO,YES,no,87,22EPA087CP08,Isolate,C. coli,1055
EPA087CP9,PID-1150-22EPA087CP9__69351,s__Campylobacter_D coli,1055,no,NO,NO,NO,YES,NO,NO,NO,NO,NO,NO,NO,NO,NO,NO,NO,NO,NO,NO,NO,NO,NO,NO,NO,NO,NO,NO,NO,NO,NO,NO,NO,NO,YES,no,87,EPA087CP9,Isolate,C. coli,NA
EPA088CP1,PID-1150-22EPA088CP1__69296,s__Campylobacter_D jejuni,447,no,NO,NO,NO,NO,NO,NO,YES,NO,NO,NO,NO,NO,NO,NO,NO,NO,NO,NO,NO,NO,NO,NO,NO,NO,NO,NO,NO,NO,NO,NO,NO,NO,NO,no,88,EPA088CP1,Isolate,C. jejuni,NA
EPA088CP10,PID-1150-22EPA088CP10__69277,s__Campylobacter_D jejuni,447,no,NO,NO,NO,NO,NO,NO,YES,NO,NO,NO,NO,NO,NO,NO,NO,NO,NO,NO,NO,NO,NO,NO,NO,NO,NO,NO,NO,NO,NO,NO,NO,NO,NO,no,88,EPA088CP10,Isolate,C. jejuni,NA
EPA088CP11,PID-1150-22EPA088CP11__69349,s__Campylobacter_D jejuni,447,no,NO,NO,NO,NO,NO,NO,YES,NO,NO,NO,NO,NO,NO,NO,NO,NO,NO,NO,NO,NO,NO,NO,NO,NO,NO,NO,NO,NO,NO,NO,NO,NO,NO,no,88,EPA088CP11,Isolate,C. jejuni,NA
EPA088CP12,PID-1150-22EPA088CP12__69358,s__Campylobacter_D jejuni,447,no,NO,NO,NO,NO,NO,NO,YES,NO,NO,NO,NO,NO,NO,NO,NO,NO,NO,NO,NO,NO,NO,NO,NO,NO,NO,NO,NO,NO,NO,NO,NO,NO,NO,no,88,EPA088CP12,Isolate,C. jejuni,NA
EPA088CP13,PID-1150-22EPA088CP13__69355,s__Campylobacter_D jejuni,447,no,NO,NO,NO,NO,NO,NO,YES,NO,NO,NO,NO,NO,NO,NO,NO,NO,NO,NO,NO,NO,NO,NO,NO,NO,NO,NO,NO,NO,NO,NO,NO,NO,NO,no,88,EPA088CP13,Isolate,C. jejuni,NA
EPA088CP14,PID-1150-22EPA088CP14__69326,s__Campylobacter_D jejuni,447,no,NO,NO,NO,NO,NO,NO,YES,NO,NO,NO,NO,NO,NO,NO,NO,NO,NO,NO,NO,NO,NO,NO,NO,NO,NO,NO,NO,NO,NO,NO,NO,NO,NO,no,88,EPA088CP14,Isolate,C. jejuni,NA
EPA088CP2,PID-1150-22EPA088CP2__69293,s__Campylobacter_D jejuni,447,no,NO,NO,NO,NO,NO,NO,YES,NO,NO,NO,NO,NO,NO,NO,NO,NO,NO,NO,NO,NO,NO,NO,NO,NO,NO,NO,NO,NO,NO,NO,NO,NO,NO,no,88,22EPA088CP02,Isolate,C. jejuni,447
EPA088CP3,PID-1150-22EPA088CP3__69330,s__Campylobacter_D jejuni,447,no,NO,NO,NO,NO,NO,NO,YES,NO,NO,NO,NO,NO,NO,NO,NO,NO,NO,NO,NO,NO,NO,NO,NO,NO,NO,NO,NO,NO,NO,NO,NO,NO,NO,no,88,EPA088CP3,Isolate,C. jejuni,NA
EPA088CP4,PID-1150-22EPA088CP4__69304,s__Campylobacter_D jejuni,447,no,NO,NO,NO,NO,NO,NO,YES,NO,NO,NO,NO,NO,NO,NO,NO,NO,NO,NO,NO,NO,NO,NO,NO,NO,NO,NO,NO,NO,NO,NO,NO,NO,NO,no,88,EPA088CP4,Isolate,C. jejuni,NA
EPA088CP5,PID-1150-22EPA088CP5__69353,s__Campylobacter_D jejuni,447,no,NO,NO,NO,NO,NO,NO,YES,NO,NO,NO,NO,NO,NO,NO,NO,NO,NO,NO,NO,NO,NO,NO,NO,NO,NO,NO,NO,NO,NO,NO,NO,NO,NO,no,88,EPA088CP5,Isolate,C. jejuni,NA
EPA088CP6,PID-1150-22EPA088CP6__69279,s__Campylobacter_D jejuni,447,no,NO,NO,NO,NO,NO,NO,YES,NO,NO,NO,NO,NO,NO,NO,NO,NO,NO,NO,NO,NO,NO,NO,NO,NO,NO,NO,NO,NO,NO,NO,NO,NO,NO,no,88,EPA088CP6,Isolate,C. jejuni,NA
EPA088CP7,PID-1150-22EPA088CP7__69315,s__Campylobacter_D jejuni,447,no,NO,NO,NO,NO,NO,NO,YES,NO,NO,NO,NO,NO,NO,NO,NO,NO,NO,NO,NO,NO,NO,NO,NO,NO,NO,NO,NO,NO,NO,NO,NO,NO,NO,no,88,EPA088CP7,Isolate,C. jejuni,NA
EPA088CP8,PID-1150-22EPA088CP8__69301,s__Campylobacter_D jejuni,447,no,NO,NO,NO,NO,NO,NO,YES,NO,NO,NO,NO,NO,NO,NO,NO,NO,NO,NO,NO,NO,NO,NO,NO,NO,NO,NO,NO,NO,NO,NO,NO,NO,NO,no,88,EPA088CP8,Isolate,C. jejuni,NA
EPA088CP9,PID-1150-22EPA088CP9__69287,s__Campylobacter_D jejuni,447,no,NO,NO,NO,NO,NO,NO,YES,NO,NO,NO,NO,NO,NO,NO,NO,NO,NO,NO,NO,NO,NO,NO,NO,NO,NO,NO,NO,NO,NO,NO,NO,NO,NO,no,88,EPA088CP9,Isolate,C. jejuni,NA
EPA097_1,PID-1214-EPA097-1__71818,s__Campylobacter_D jejuni,6175,no,NO,NO,NO,NO,NO,NO,NO,NO,NO,NO,YES,NO,NO,NO,NO,NO,NO,NO,NO,YES,NO,NO,NO,NO,NO,NO,NO,NO,NO,NO,NO,NO,YES,no,97,EPA097_1,Isolate,C. jejuni,NA
EPA097_10,PID-1214-EPA097-10__71836,s__Campylobacter_D jejuni,6175,no,NO,NO,NO,NO,NO,NO,NO,NO,NO,NO,YES,NO,NO,NO,NO,NO,NO,NO,NO,YES,NO,NO,NO,NO,NO,NO,NO,NO,NO,NO,NO,NO,YES,no,97,22EPA097CP10,Isolate,C. jejuni,6175
EPA097_11,PID-1214-EPA097-11__71840,s__Campylobacter_D jejuni,6175,no,NO,NO,NO,NO,NO,NO,NO,NO,NO,NO,YES,NO,NO,NO,NO,NO,NO,NO,NO,YES,NO,NO,NO,NO,NO,NO,NO,NO,NO,NO,NO,NO,YES,no,97,EPA097_11,Isolate,C. jejuni,NA
EPA097_12,PID-1214-EPA097-12__71842,s__Campylobacter_D jejuni,6175,no,NO,NO,NO,NO,NO,NO,NO,NO,NO,NO,YES,NO,NO,NO,NO,NO,NO,NO,NO,YES,NO,NO,NO,NO,NO,NO,NO,NO,NO,NO,NO,NO,YES,no,97,EPA097_12,Isolate,C. jejuni,NA
EPA097_13,PID-1214-EPA097-13__71830,s__Campylobacter_D jejuni,6175,no,NO,NO,NO,NO,NO,NO,NO,NO,NO,NO,YES,NO,NO,NO,NO,NO,NO,NO,NO,YES,NO,NO,NO,NO,NO,NO,NO,NO,NO,NO,NO,NO,YES,no,97,EPA097_13,Isolate,C. jejuni,NA
EPA097_14,PID-1214-EPA097-14__71827,s__Campylobacter_D jejuni,6175,no,NO,NO,NO,NO,NO,NO,NO,NO,NO,NO,YES,NO,NO,NO,NO,NO,NO,NO,NO,YES,NO,NO,NO,NO,NO,NO,NO,NO,NO,NO,NO,NO,YES,no,97,EPA097_14,Isolate,C. jejuni,NA
EPA097_15,PID-1214-EPA097-15__71823,s__Campylobacter_D jejuni,6175,no,NO,NO,NO,NO,NO,NO,NO,NO,NO,NO,YES,NO,NO,NO,NO,NO,NO,NO,NO,YES,NO,NO,NO,NO,NO,NO,NO,NO,NO,NO,NO,NO,YES,no,97,EPA097_15,Isolate,C. jejuni,NA
EPA097_16,PID-1214-EPA097-16__71817,s__Campylobacter_D jejuni,6175,no,NO,NO,NO,NO,NO,NO,NO,NO,NO,NO,YES,NO,NO,NO,NO,NO,NO,NO,NO,YES,NO,NO,NO,NO,NO,NO,NO,NO,NO,NO,NO,NO,YES,no,97,EPA097_16,Isolate,C. jejuni,NA
EPA097_17,PID-1214-EPA097-17__71824,s__Campylobacter_D jejuni,6175,no,NO,NO,NO,NO,NO,NO,NO,NO,NO,NO,YES,NO,NO,NO,NO,NO,NO,NO,NO,YES,NO,NO,NO,NO,NO,NO,NO,NO,NO,NO,NO,NO,YES,no,97,EPA097_17,Isolate,C. jejuni,NA
EPA097_18,PID-1214-EPA097-18__71821,s__Campylobacter_D jejuni,6175,no,NO,NO,NO,NO,NO,NO,NO,NO,NO,NO,YES,NO,NO,NO,NO,NO,NO,NO,NO,YES,NO,NO,NO,NO,NO,NO,NO,NO,NO,NO,NO,NO,YES,no,97,EPA097_18,Isolate,C. jejuni,NA
EPA097_19,PID-1214-EPA097-19__71822,s__Campylobacter_D jejuni,6175,no,NO,NO,NO,NO,NO,NO,NO,NO,NO,NO,YES,NO,NO,NO,NO,NO,NO,NO,NO,YES,NO,NO,NO,NO,NO,NO,NO,NO,NO,NO,NO,NO,YES,no,97,EPA097_19,Isolate,C. jejuni,NA
EPA097_2,PID-1214-EPA097-2__71838,s__Campylobacter_D jejuni,6175,no,NO,NO,NO,NO,NO,NO,NO,NO,NO,NO,YES,NO,NO,NO,NO,NO,NO,NO,NO,YES,NO,NO,NO,NO,NO,NO,NO,NO,NO,NO,NO,NO,YES,no,97,EPA097_2,Isolate,C. jejuni,NA
EPA097_20,PID-1214-EPA097-20__71826,s__Campylobacter_D jejuni,6175,no,NO,NO,NO,NO,NO,NO,NO,NO,NO,NO,YES,NO,NO,NO,NO,NO,NO,NO,NO,YES,NO,NO,NO,NO,NO,NO,NO,NO,NO,NO,NO,NO,YES,no,97,EPA097_20,Isolate,C. jejuni,NA
EPA097_3,PID-1214-EPA097-3__71833,s__Campylobacter_D jejuni,6175,no,NO,NO,NO,NO,NO,NO,NO,NO,NO,NO,YES,NO,NO,NO,NO,NO,NO,NO,NO,YES,NO,NO,NO,NO,NO,NO,NO,NO,NO,NO,NO,NO,YES,no,97,EPA097_3,Isolate,C. jejuni,NA
EPA097_4,PID-1214-EPA097-4__71835,s__Campylobacter_D jejuni,6175,no,NO,NO,NO,NO,NO,NO,NO,NO,NO,NO,YES,NO,NO,NO,NO,NO,NO,NO,NO,YES,NO,NO,NO,NO,NO,NO,NO,NO,NO,NO,NO,NO,YES,no,97,EPA097_4,Isolate,C. jejuni,NA
EPA097_5,PID-1214-EPA097-5__71841,s__Campylobacter_D jejuni,6175,no,NO,NO,NO,NO,NO,NO,NO,NO,NO,NO,YES,NO,NO,NO,NO,NO,NO,NO,NO,YES,NO,NO,NO,NO,NO,NO,NO,NO,NO,NO,NO,NO,YES,no,97,EPA097_5,Isolate,C. jejuni,NA
EPA097_6,PID-1214-EPA097-6__71831,s__Campylobacter_D jejuni,6175,no,NO,NO,NO,NO,NO,NO,NO,NO,NO,NO,YES,NO,NO,NO,NO,NO,NO,NO,NO,YES,NO,NO,NO,NO,NO,NO,NO,NO,NO,NO,NO,NO,YES,no,97,EPA097_6,Isolate,C. jejuni,NA
EPA097_7,PID-1214-EPA097-7__71820,s__Campylobacter_D jejuni,6175,no,NO,NO,NO,NO,NO,NO,NO,NO,NO,NO,YES,NO,NO,NO,NO,NO,NO,NO,NO,YES,NO,NO,NO,NO,NO,NO,NO,NO,NO,NO,NO,NO,YES,no,97,EPA097_7,Isolate,C. jejuni,NA
EPA097_8,PID-1214-EPA097-8__71816,s__Campylobacter_D jejuni,6175,no,NO,NO,NO,NO,NO,NO,NO,NO,NO,NO,YES,NO,NO,NO,NO,NO,NO,NO,NO,YES,NO,NO,NO,NO,NO,NO,NO,NO,NO,NO,NO,NO,YES,no,97,EPA097_8,Isolate,C. jejuni,NA
EPA097_9,PID-1214-EPA097-9__71837,s__Campylobacter_D jejuni,6175,no,NO,NO,NO,NO,NO,NO,NO,NO,NO,NO,YES,NO,NO,NO,NO,NO,NO,NO,NO,YES,NO,NO,NO,NO,NO,NO,NO,NO,NO,NO,NO,NO,YES,no,97,EPA097_9,Isolate,C. jejuni,NA
m_EPA11,20EPA11CF_NOVASEQ__48413_metawrap_70_10_bins_bin.1,s__Campylobacter_D jejuni,61,NA,NO,NO,NO,NO,NO,NO,NO,NO,NO,NO,NO,NO,NO,NO,NO,NO,NO,NO,NO,NO,NO,NO,NO,NO,NO,NO,NO,NO,NO,NO,NO,NO,NO,yes,11,20EPA011CF,MAG,C. jejuni,61
m_EPA17,20EPA017CP_AK9178_AK3909__53937_metawrap_70_10_bins_bin.9,s__Campylobacter_D jejuni,5136,yes,YES,NO,NO,YES,NO,NO,NO,NO,NO,NO,NO,NO,NO,NO,NO,NO,NO,NO,NO,YES,NO,NO,NO,NO,NO,NO,NO,NO,NO,NO,NO,NO,NO,yes,17,20EPA017CP,MAG,C. jejuni,5136
m_EPA27,20EPA27CP_NOVASEQ__48412_metawrap_70_10_bins_bin.6,s__Campylobacter_D coli,827,yes,YES,NO,NO,YES,NO,NO,NO,NO,NO,NO,NO,NO,YES,NO,NO,NO,NO,NO,NO,NO,NO,NO,NO,NO,NO,NO,NO,NO,NO,NO,NO,NO,NO,yes,27,20EPA027CP,MAG,C. coli,827
m_EPA34,21EPA034CF_AK9164_AK9165__53941_metawrap_70_10_bins_bin.16,s__Campylobacter_D jejuni,9897,yes,NO,NO,NO,NO,NO,NO,NO,NO,NO,NO,YES,NO,NO,NO,NO,NO,NO,NO,NO,YES,NO,NO,NO,NO,NO,NO,NO,NO,NO,NO,NO,NO,NO,yes,34,21EPA034CF,MAG,C. jejuni,9897
m_EPA39,21EPA039CF_AK9320_AK7544__53942_metawrap_70_10_bins_bin.5,s__Campylobacter_D jejuni,45,yes,NO,NO,NO,YES,NO,NO,NO,NO,NO,YES,NO,NO,NO,NO,NO,NO,NO,NO,NO,NO,NO,NO,NO,NO,NO,NO,NO,NO,NO,NO,NO,NO,NO,yes,39,21EPA039CF,MAG,C. jejuni,45
m_EPA41,S21EPA041CP__58398_metawrap_70_10_bins_bin.12,s__Campylobacter_D jejuni,9897,yes,NO,NO,NO,NO,NO,NO,NO,NO,NO,NO,YES,NO,NO,NO,NO,NO,NO,NO,NO,YES,NO,NO,NO,NO,NO,NO,NO,NO,NO,NO,NO,NO,NO,yes,41,21EPA041CP,MAG,C. jejuni,-
m_EPA49,S21EPA049CF__58394_metawrap_70_10_bins_bin.5,s__Campylobacter_D jejuni,38,yes,NO,NO,NO,NO,NO,NO,NO,NO,NO,NO,YES,NO,NO,NO,NO,NO,NO,NO,NO,NO,NO,NO,NO,NO,NO,NO,NO,NO,NO,NO,NO,NO,NO,yes,49,21EPA049CF,MAG,C. jejuni,-
m_EPA55,S21EPA055CF__58402_metawrap_70_10_bins_bin.7,s__Campylobacter_D jejuni,-,yes,NO,NO,NO,YES,NO,NO,NO,NO,NO,YES,NO,NO,NO,NO,NO,NO,NO,NO,NO,NO,NO,NO,NO,NO,NO,NO,NO,NO,NO,NO,NO,NO,NO,yes,55,21EPA055CF,MAG,C. jejuni,-
m_EPA70,EPA70CPm_EKDL220009460_1A_HYV73DSX3__69053_metawrap_70_10_bins_bin.1,s__Campylobacter_D jejuni,53,yes,NO,NO,NO,NO,NO,NO,YES,NO,NO,NO,YES,NO,NO,NO,NO,NO,NO,NO,NO,NO,NO,NO,NO,NO,NO,NO,NO,NO,NO,NO,NO,NO,NO,yes,70,22EPA070CP,MAG,C. jejuni,53
m_EPA77,Adap_22EPA077CP__70238_metawrap_70_10_bins_bin.14,s__Campylobacter_D jejuni,464,yes,YES,NO,NO,YES,NO,NO,YES,NO,NO,NO,YES,NO,NO,NO,NO,NO,NO,NO,NO,YES,NO,NO,NO,NO,NO,NO,NO,NO,NO,NO,NO,NO,NO,yes,77,22EPA077CP,MAG,C. jejuni,464
m_EPA78,22EPA078CP__69056_metawrap_70_10_bins_bin.18,s__Campylobacter_D jejuni,137,yes,NO,NO,NO,NO,NO,NO,NO,NO,NO,NO,YES,NO,NO,NO,NO,NO,NO,NO,NO,NO,NO,NO,NO,NO,NO,NO,NO,NO,NO,NO,NO,NO,NO,yes,78,22EPA078CP,MAG,C. jejuni,137
m_EPA79,EPA079CPm_EKDL220009460_1A_HYV73DSX3__69052_metawrap_70_10_bins_bin.2,s__Campylobacter_D jejuni,-,yes,NO,NO,NO,NO,NO,NO,NO,NO,NO,YES,NO,NO,NO,NO,NO,NO,NO,NO,NO,NO,NO,NO,NO,NO,NO,NO,NO,NO,NO,NO,NO,NO,NO,yes,79,22EPA079CP,MAG,C. jejuni,-
m_EPA80,EPA080CPm_EKDL220009460_1A_HYV73DSX3__69055_metawrap_70_10_bins_bin.7,s__Campylobacter_D jejuni,441,yes,NO,NO,NO,NO,NO,NO,NO,NO,NO,NO,YES,NO,NO,NO,NO,NO,NO,NO,YES,YES,NO,NO,NO,NO,NO,NO,NO,NO,NO,NO,NO,NO,NO,yes,80,22EPA080CP,MAG,C. jejuni,441
m_EPA83,EPA083CPm_EKDL220009460_1A_HYV73DSX3__69054_metawrap_70_10_bins_bin.4,s__Campylobacter_D jejuni,6532,yes,NO,NO,NO,NO,NO,NO,NO,NO,NO,NO,YES,NO,NO,NO,NO,NO,NO,NO,NO,YES,NO,NO,NO,NO,NO,NO,NO,NO,NO,NO,NO,NO,NO,yes,83,22EPA083CP,MAG,C. jejuni,6532
m_EPA85,PID_1316_22EPA085CP__84143_metawrap_70_10_bins_bin.7,s__Campylobacter_D jejuni,-,yes,NO,NO,NO,YES,NO,NO,NO,NO,NO,NO,NO,NO,NO,YES,NO,NO,NO,NO,NO,NO,NO,NO,NO,NO,NO,NO,NO,NO,NO,NO,NO,NO,NO,yes,85,22EPA085CP,MAG,C. jejuni,-
m_EPA87,PID_1316_22EPA087CP__84061_metawrap_70_10_bins_bin.4,s__Campylobacter_D coli,1055,yes,NO,NO,NO,YES,NO,NO,NO,NO,NO,NO,NO,NO,NO,NO,NO,NO,NO,NO,NO,NO,NO,NO,NO,NO,NO,NO,NO,NO,NO,NO,NO,NO,YES,yes,87,22EPA087CP,MAG,C. coli,1055
m_EPA88,PID_1316_22EPA088CP__84129_metawrap_70_10_bins_bin.1,s__Campylobacter_D jejuni,883,yes,NO,NO,NO,NO,NO,NO,YES,NO,NO,YES,NO,NO,NO,NO,NO,NO,NO,NO,NO,YES,NO,NO,NO,NO,NO,NO,NO,NO,NO,NO,NO,NO,NO,yes,88,22EPA088CP,MAG,C. jejuni,883
m_EPA94,PID_1316_22EPA094CP__84131_metawrap_70_10_bins_bin.7,s__Campylobacter_D jejuni,-,yes,YES,NO,NO,NO,NO,NO,YES,NO,NO,NO,YES,NO,NO,NO,NO,NO,NO,NO,NO,YES,NO,NO,NO,NO,NO,NO,NO,NO,NO,NO,NO,NO,NO,yes,94,22EPA094CP,MAG,C. jejuni,-
m_EPA97,PID_1316_22EPA097CP__84128_metawrap_70_10_bins_bin.2,s__Campylobacter_D jejuni,6175,yes,NO,NO,NO,NO,NO,NO,NO,NO,NO,NO,YES,NO,NO,NO,NO,NO,NO,NO,NO,YES,NO,NO,NO,NO,NO,NO,NO,NO,NO,NO,NO,NO,YES,yes,97,22EPA097CP,MAG,C. jejuni,6175
